month_start,EB,MSTR,SPLK,JWN,NTAP,CSCO,INTU,ZEN,ADSK,GRPN,CARG,ABNB,ACN,ZBRA,FVRR,QIWI,AAPL,STX,TDC,VMW,ESTC,DASH,W,BIGC,REAL,BABA,TRVG,ADBE,BB,MDLA,ASAN,OKTA,UIS,TWLO,CIEN,SLAB,TWTR,ERIC,SHOP,AMZN,WIX,BAH,NTNX,PLTR,DDOG,ORCL,AKAM,SSTK,EXTR,EPAM,TSLA,MELI,NEWR,YELP,SPOT,FTNT,FEYE,CTXS,VG,PI,TU,HUBS,V,QCOM,TRUE,WORK,DOCN,DOCU,PINS,BIDU,TEAM,RXT,ZM,PYPL,NFLX,CERN
2016-05-01,,0.04026313666639551,0.1052328062499977,-0.2571875855891438,0.07994929550737087,0.056747889375443714,0.0571910427928197,0.0836282901657864,-0.025911053911199817,-0.022099425972376324,,,0.053577782056869125,-0.1510549960917038,,0.008176646378797893,0.06528699473063883,0.036288424049939934,0.12015814257710385,0.06413638263337461,,,0.09086093523644452,,,0.0657654977649266,,0.0557206530670943,0.029745048137251838,,,,0.09468217102781948,,0.03743310538458213,0.0630342053639046,0.04103969809619326,-0.044499397617346524,-0.08037674836047377,0.095817020571361,0.1189320637427908,0.061661254325606624,,,,0.008529858188200661,0.0704059626282373,0.02291561716769984,0.05128207044053165,0.049088191636832035,-0.07281110831721561,0.09296181173105092,0.16989910954639784,0.2471428825741721,,0.0522916287514372,-0.08242076505675819,0.03763431419101485,-0.012847953276085835,,0.0006317264011391557,0.07834719652916818,0.022009381468848132,0.08709417401649032,0.1096491203609462,,,,,-0.0811117319510635,-0.02589557097514248,,,-0.03547726847426325,0.13928691642291813,-0.009440662363003172
2016-06-01,,-0.061756135028918004,-0.05691906726436675,0.001843067289834334,-0.03681944805231931,-0.012392382528660043,0.04640912036646271,0.07717433267914416,-0.07087696989308963,-0.08192094352761205,,,-0.047743130595070966,-0.056674865404610725,,0.062449348136916376,-0.042659744744572674,0.07978728665869594,-0.11538463091592713,-0.05515191672470704,,,-0.05293832659107057,,,-0.03012196610613567,,-0.03699608183386497,-0.07702887816351447,,,,-0.1374406905506349,,0.07388321782184729,-0.02030147379966237,0.11103807823475276,-0.006468329962676658,0.05018775238669294,-0.009919870402360509,0.0972523698082847,0.01264089258962172,,,,0.01815919224830756,0.024734306134687186,0.09151573489926236,-0.08130079882499057,-0.1594563356032053,-0.04905251604174804,0.030549437135130288,-0.025862091863121682,0.15922107641316216,,-0.07658576445487071,0.03454769060457081,-0.05687705402712576,0.3232103531377281,,0.016414155705633492,-0.0908710281639844,-0.060425691980457,-0.024581182067199243,0.03425556611563786,,,,,-0.0749971989087581,0.1475409822211781,,,-0.033871462370571336,-0.10812124764440492,0.05376726903349388
2016-07-01,,-0.0007428001350640809,0.15430049027801385,0.16241788249910094,0.07157381935585773,0.06413384866980577,-0.005555082368887128,0.14632299974036053,0.098079080774912,0.4830769465519832,,,-0.0042369437113120465,0.058083831058702635,,-0.09236641243602907,0.09006276932820546,0.3148603438739661,0.13203029542221106,0.27542820342562724,,,0.1153846153846154,,,0.03709297903830296,,0.02160976798246044,0.13263783329744605,,,,0.36126367607247584,0.11315071419493772,0.023466695149739397,0.0931472495791038,-0.015966910715554648,-0.027343755578234184,0.11410923936164825,0.060353263933512084,0.1729818130696553,0.041835350764252086,,,,0.002687530162017918,-0.09654928475620232,0.2028384513161747,0.14749262080454525,0.09220961794894914,0.1060391644397195,0.08822068545991545,0.17222599082641887,0.0596178366997993,,0.09813227157794548,0.057680680178848386,0.11287305643634878,-0.02786886540192253,,0.03881987485660826,0.257254777860206,0.052312322753124224,0.16819119259955848,0.1936305731710274,,,,,-0.033605740224534726,0.1571428476744963,,,0.019994614913554944,-0.002514247360006912,0.06467578522550785
2016-08-01,,-0.046314861523151535,-0.06875598295670872,0.14085461466684274,0.3127134592723887,0.02980674179316858,0.004144509355133903,0.009920672839941849,0.13372583113397354,0.1058090952986548,,,0.01941319465297164,0.319751014895886,,0.2211942841463318,0.01813644953701999,0.05338754181518165,0.11804089078694802,0.004795813346421853,,,-0.11471268226360452,,,0.17834624740271746,,0.0454730934037158,-0.0013157568644942515,,,,0.019172607162777484,0.3197144356947499,0.11776968035362402,0.07545046077076346,0.15444710270981066,-0.046854071547917514,0.20688649133010711,0.013639745943302884,0.17471914290178034,-0.016839331753470604,,,,0.004385972250494904,0.08648333370576869,0.05245960032027115,0.01028276626589249,-0.02890089466167208,-0.09702286592474037,0.12359549217817616,0.06562143514366423,0.19614553100541554,,0.04179881292422564,-0.17566018405366776,-0.021653711955108536,-0.020236068976868908,0.23954371993283974,-0.020029954211089263,0.02106615722045184,0.03651503347451704,0.007829943263542295,0.029882575922196463,,,,,0.07186717281992927,-0.016349675753906973,,,-0.002416760164646588,0.06794517203553098,0.03446067553954213
2016-09-01,,0.003897171181956515,0.00755492125735405,0.02814114168463249,0.035559396843318734,0.008905813439588343,-0.01292054599768592,0.005566410080193577,0.07314540346535264,-0.0337710931111791,,,0.06234781016474185,-0.0050028370311796435,,0.008264454667762858,0.0655042853684101,0.14256067929194946,-0.02300660424733425,0.0002726938847277899,,,0.022331878676574563,,,0.08848645187868848,,0.060893397572076034,0.0513833805856539,,,,-0.035643623441049425,0.2002984314138119,0.01631694460010503,0.026178010819759814,0.19989590502853,0.01264047107225811,0.03771754196259162,0.08860318632474726,0.03849834103539751,0.04117259469269574,,,,-0.04706458961558365,-0.034790524486811934,0.09865473035294373,0.14249356103015035,0.016126645490184412,-0.0376397494293968,0.07540698384129724,0.04414165935169897,0.08367986639835573,,0.021859461230473158,0.025766009359689496,-0.022706514075434718,0.1376936658543472,0.6397895998847233,0.006711446885168066,0.033727972673245316,0.02224963397296705,0.08609482053987373,-0.021761662844392564,,,,,0.06430116051349878,0.01662143075735576,,,0.10282636710427027,0.011287902903679243,-0.043229018840254034
2016-10-01,,0.16346150691657624,0.02573275926517009,0.002313009433581576,-0.05248467571558589,-0.03278685468763096,-0.011544443666933671,-0.14392700425641225,-0.0006913182703162027,-0.2252426888178853,,,-0.04853892440086127,-0.054158946119881535,,-0.12090166777700682,0.004334346311739801,-0.10998697659359104,-0.1303226101783014,0.07157464361573604,,,-0.15341623735576065,,,-0.03875601133036128,,-0.009489577764961241,-0.11654133159345545,,,,0.07289528283689721,-0.4698570756943566,-0.11100918169666192,0.01955784933333948,-0.2212580756150808,-0.3245492566168265,-0.034249708031662336,-0.056717333332750176,-0.07897767168026039,-0.03606457687393229,-0.33783783783783783,,,-0.021894109905238743,0.3110020573736495,-0.0739403301108424,-0.062360745488737726,-0.0712739140963829,-0.03087777113835518,-0.09169058010455863,-0.048799554978528385,-0.2167865887321895,,-0.1318710774882455,-0.21113372391898133,-0.004928444410616533,0.03782148183816754,-0.3401923639176516,-0.01848486698035016,-0.08972575954152671,-0.0022973980534803052,0.003211696652600157,0.02224576774170215,,,,,-0.02861540343978532,-0.10377039620475163,,,0.01684155738712315,0.2670725406370729,-0.05133600273595648
2016-11-01,,-0.0040038950211589795,-0.042698118515719335,0.07538458017202522,0.07719513413651784,-0.028031310358444767,0.04542948812262389,-0.19018637603191985,0.0045656037164905116,-0.0050125502579175035,,,0.027443242429726043,0.2006380232172781,,0.033411057420308865,-0.02659859299021677,0.16875537362517748,-0.004080070724715966,0.0323155339037778,,,0.09360932374680367,,,-0.07542536743235193,,-0.043716905257625636,0.09361699710015392,,,,0.4210526940204802,-0.005861687256753363,0.10681123280765767,0.10675559015402174,0.030083508926284964,0.051334703465049404,0.005307536838517012,-0.049694866724094,0.2375,0.2408927543598443,0.30612244897959184,,,0.04606976944612004,-0.03987338741596884,-0.2022376668202503,0.004750589250663226,0.023768816436443324,-0.04212816228658825,-0.06065107741077023,-0.13004119558993796,0.13900798948984322,,-0.06113539949671212,0.10499141816214484,0.022759493545031127,-0.03935859703667235,0.10611579081461428,-0.03581351865609612,0.06959004114563687,-0.0629014944495717,-0.008585622188658997,0.2829016169771033,,,,,-0.056033040981055764,0.010424377249975695,,,-0.05712916651062041,-0.06302556717768203,-0.15022196614361846
2016-12-01,,0.017368423122142027,-0.112287357270769,-0.14288265603353878,-0.035284487611364164,0.01341380357558142,0.008180861212871047,-0.004227343763158376,0.01928111161149497,-0.1637279565512718,,,-0.01925816834866198,0.08488297059367979,,-0.03984960341131462,0.04795515031433273,-0.04812968525226565,0.011918051779435352,-0.02970170139072373,,,-0.038408820207827016,,,-0.06604976926395817,,0.0013617293354048438,-0.1063554043585265,,,,0.006733968028727504,-0.14946928246350255,0.1379952904051564,-0.020346624041712013,-0.1184424316477522,0.13867188555013876,0.028797715758810963,-0.0009326407932642989,-0.10000001541291824,-0.046019614262588576,-0.17000001668930045,,,-0.0432943001548942,-0.00029979975983991766,0.009774735891395922,0.1891253397464737,-0.0241275255002953,0.1282470368876583,-0.010645088433679863,-0.10911381849162223,0.02500000769092156,,0.0006644670269167531,-0.07320876346470766,0.029747477352985656,0.03945367921464677,0.294031521189135,0.0198527328953334,-0.1622103158936612,0.009053245615688292,-0.043006024119996385,0.009693043978174573,,,,,-0.015214096032120688,-0.11274869324829515,,,0.004837129514026197,0.0581196842030581,-0.04841301539795155
2017-01-01,,0.01975688589594666,0.13118277388667912,-0.07740452870541753,0.08647573568117654,0.016545334591686955,0.03463922170457222,0.12877355867876886,0.09904058897563346,0.03915660262609751,,,-0.02783227681447572,-0.02437038147416517,,0.07360998799430872,0.047746492780762935,0.18286622194843172,0.08060362634921034,0.11190139950397794,,,0.1857347297556295,,,0.1537410360476522,-0.01276592498129987,0.10131132214039214,0.024673451319042892,,,,-0.1404681909423137,-0.0006932567590718375,-0.0028676646973285398,0.003076876126802885,0.08098169717527505,0.01029158551710593,0.1854443891069611,0.09816366280938996,0.17957351598212615,-0.0623787085954109,0.1396837750911321,,,0.04317294706043602,0.028644211517296188,0.1321548551936276,0.09940357438256464,0.0007775315449554171,0.17895088235740425,0.18733188237695853,0.2814159562102461,0.0957250880916924,,0.10424958150099824,0.13865551471407336,0.02105029404886296,0.03503653303600996,-0.0036785814248423135,0.04929349352187126,0.09148934546937333,0.0601128254704052,-0.1805214293554308,0.051999969482421866,,,,,0.06483792606694118,0.14742521795299846,,,0.00785400428189365,0.13659130246579845,0.13383998935073704
2017-02-01,,-0.04679581731811133,0.06688556673109325,0.05517861961447905,0.09159713372086888,0.11263024313666482,0.057851243923281816,0.13790218115236694,0.0609786935969736,0.2260869344075521,,,0.07578815355457602,0.08414008688409758,,0.01823486501126149,0.12888345459994655,0.06733105200644622,0.05926429614939086,0.02684485320475093,,,-0.09023098835627033,,,0.01569444285462099,0.009482728712057943,0.04374668552325394,-0.01416429255567361,,,,0.08171200045835739,0.10024278173070952,0.08216926817838803,0.035276122076871065,-0.10499434128007767,0.09507639311945823,0.16509247225562104,0.02618156855048393,0.18553758594774394,0.057658213498975264,-0.009250105134164048,,,0.061829955235560174,-0.08733048817004399,-0.18940518162107192,0.1301988721292658,0.14403350769352594,-0.007700561188844544,0.1374399687762326,-0.028176807631670544,-0.19339392657812365,,0.12297054597083215,-0.16900368484266673,0.0872398900502448,-0.15091680516689715,-0.1945469654142052,-0.026630743219951455,0.15984407183023006,0.06323302399740245,0.0570840205809449,0.06920158383914335,,,,,-0.00536929457977016,0.02931601150539225,,,0.05580697055874462,0.010091664424640674,0.02476264855195624
2017-03-01,,-0.02126329855758801,0.009071786448141095,-0.0019288502546551609,0.0004780454743265321,-0.01111764378942047,-0.07533485645498829,0.029746653944471287,0.0019698512506813853,-0.07092198709477973,,,-0.02138777752311874,0.005953047304349261,,0.2285099979703679,0.04868967005974864,-0.046897663123829335,0.0006431015279210468,0.02503059311689244,,,0.07088072488325624,,,0.04791059506384854,0.1127241409499689,0.09962826525073076,0.11350574102343775,,,,0.003597136122810074,-0.08984862975457908,-0.10364462894538408,0.08962967484085649,-0.05199750315129797,0.029457374083567005,0.14997462237331233,0.049110102573936616,0.08988767828887964,-0.010623457177864178,-0.3741246881955598,,,0.04742898451576857,-0.04632584316085092,-0.05182302464114205,0.20160003662109371,0.025668877633439027,0.11324450226739413,0.002845383968364876,0.05372368883607928,-0.028189932980184986,,0.02677376280732316,0.1198933748094132,0.05623815849311577,0.04983391888461308,0.06734837116734589,-0.0015370193340544474,0.017647046001017595,0.01057539548961729,0.015226639825102072,0.1002844811757514,,,,,-0.00924596890372268,0.0530942405248401,,,0.02428572518484933,0.039963360871368835,0.06922233821255099
2017-04-01,,0.01261978210157072,0.03242890694135263,0.03650420386685961,-0.04778972695152536,0.007988179404087631,0.07948962316157683,0.02532093656528696,0.04163291804440454,-0.002544490485047988,,,0.011845227151098866,0.03309585362264555,,0.13061223445730502,-6.967677411830734e-05,-0.08273457896390081,-0.06233934709962581,0.021489074995110685,,,0.12892065175640469,,,0.07113046497914811,0.3138911120552708,0.027741492929340302,0.20516131001134072,,,,-0.18996413295792494,0.1447869163947745,-0.029648485592691662,-0.032630882750473884,0.10234112056797412,-0.02259037626258632,0.11543546824921265,0.04337087233515072,0.2142856420528624,0.015258573745138119,-0.19072993021156834,,,0.007845740177817395,0.020770483214789,0.04546556559831153,0.041278286728587466,0.01959750294916724,0.12853035120778758,0.08247033782916939,0.0785001314099932,0.0812213693866293,,0.016949193004988847,-0.00793016895464043,-0.029379985204152862,0.061708837957685225,0.2381895928456595,0.024630518729541362,0.10734936245414252,0.026443101175795517,-0.06278337050124018,0.1325145543212451,,,,,0.04469042003327164,0.15125204220035826,,,0.10925152749716596,0.029700287275278424,0.1002549138293248
2017-05-01,,-0.04106850519951833,-0.04773745913036051,-0.13403772859634394,0.01606030687206491,-0.07455236369035173,0.12323297195111366,-0.0963478420091712,0.24092369292512786,-0.2321428623560913,,,0.02613353742120445,0.1068208343419398,,0.19185153882413636,0.06341803687730256,0.03417988583434453,-0.06579849404433978,0.032192931267279366,,,0.3771604030576998,,,0.06025973233309659,0.09929899370652946,0.06071478079610624,0.13169159765972022,,,0.0019194297840149095,0.0442477868637526,-0.264447805533308,0.024879951925822704,0.05130009061983387,0.1116504977971743,0.11556240777351864,0.2094799776351749,0.07527649554907041,-0.10612492812453098,0.0976899051411245,0.22778144395838515,,,0.009564063921973828,-0.22628810980619474,0.07702988356040197,0.23145778811344975,0.08935061368075284,0.08577712569899505,0.2018259619516158,0.0922961147813605,-0.2115221633265712,,0.008717952630458733,0.19824136665567388,0.01976770973387798,0.02980623071954074,0.16462118620598126,0.022536058518925397,0.07531685596591317,0.04395968079992051,0.06568661460818892,0.0034246269620269976,,,,,0.03256955287759366,0.03712293492721595,,,0.09409048090764836,0.0714192548878504,0.009266385700712093
2017-06-01,,0.05105284891112928,-0.07103204065306071,0.14425843789604292,-0.010866940557333936,-0.007294685841297103,-0.05567407469450666,0.06928410993552471,-0.09796901921014296,0.27574754283122394,,,-0.006346918195385562,-0.03661107752442006,,0.06793594345994865,-0.057213868477743776,-0.1106265716911813,0.08180482478036265,-0.1000514777975984,,,0.22128667707148816,,,0.1505797399140257,0.2571732322566914,-0.0029606525245895504,-0.05487227440413865,,,-0.12643682360832792,0.08474576134203632,0.1974496606276704,0.0655877745123954,-0.08623000420432643,-0.024563256718718958,-0.009668466441596009,-0.053995199777015036,-0.02676398548980629,-0.055630917827587084,-0.17494923811962101,0.08042895606869767,,,0.10464860242063093,0.056415689529769115,-0.053264593408259175,-0.04257526921492817,0.0025035657051610018,0.06040871099125208,-0.08807379505977057,-0.015113347265524954,0.07521491317089128,,-0.04829693743033517,0.014676469005202518,-0.03586138904337986,-0.05354557072785628,0.11454753322369594,0.01439910949291316,-0.08807210275323797,-0.015226341767540697,-0.03579534172646644,0.13367465254085853,,,,,-0.03890384339448586,-0.016219184663892192,,,0.027963974527378654,-0.08376772581453502,0.017138527509308648
2017-07-01,,-0.29822092246135645,0.054842660667218664,0.01547141617061514,0.08414479390966663,0.004792381135309769,0.03313010493304331,0.05543552808186288,0.09888912171078844,-0.020833411978347618,,,0.041558918227362726,0.011937968739670584,,-0.25810375852781114,0.03270373083844425,-0.14941937846522174,0.07900983186808988,0.0603911559060615,,,-0.006893844930168908,,,0.09971613669536417,-0.10101434509983108,0.03570420648041105,-0.061061028093394025,,,-0.0372806360773669,0.0,0.0020611289826304733,0.029176639843338226,0.0987564030825208,-0.09960831578348532,-0.10460250934720527,0.06294592778659695,0.0204339145628874,-0.11350571672956368,0.054087224093880684,0.054342493371371765,,,-0.0041882546276219386,-0.05360373238363905,-0.044010942849814126,-0.046637775783313434,0.021881365767833404,-0.10547272614300372,0.14963332196384893,0.09183912850705372,0.083610868862731,,-0.014155950820969768,-0.038132802251900313,-0.007539563462122905,0.010703390224721408,0.01007189821995974,0.046929284774109035,0.1003802049295984,0.06163359836354462,-0.03676208890109666,-0.050175613882971294,,,,,0.2655149576825817,0.018192137126112503,,,0.09092605244281364,0.21584900080006256,-0.03159317640371883
2017-08-01,,-0.04096345797230639,0.11798030685524805,-0.08132593756965519,-0.10962686601257464,0.02416528785680621,0.03090146510390378,-0.06548431433418049,0.03312571656844312,0.1808511523328397,,,0.015059672972495103,0.013468296310919274,,-0.10158376609800747,0.10266929813159062,-0.043385874925609816,0.0031426895797862764,0.16600150514105658,,,-0.06994101433676678,,,0.10835759196904164,-0.2712741106527616,0.05918491257992271,-0.011727042146609022,,,0.2296127030978643,-0.3945312590221874,0.003771018514359279,-0.16077667532615306,0.01065250423451723,0.050963311811549686,-0.0919003342019395,0.20082272242922145,-0.007268879201828281,0.055105310682976326,-0.005539318686156365,0.035537732687321695,,,0.008011246213380091,0.00021217938820461743,-0.20313236076354765,0.300341337290087,-0.053531926658727406,0.10025659313937096,-0.10384165734925843,0.020017088154438555,0.3095604080143122,,0.03494990303062248,0.009569401382612634,-0.0097493573022663,0.2556732258826626,-0.22181517799281406,0.0011068322136939825,0.013821700360611486,0.039775001823820606,-0.017296450323338326,-0.10459585368812503,,,,,0.007510478914963069,-0.006141854343312959,,,0.053458601347581736,-0.03825826713715859,0.05297492445572289
2017-09-01,,-0.010000007097111192,-0.009837473077071576,0.05670109042038155,0.13191925748190314,0.0440857505123964,0.004878066145584493,0.06240879619081576,-0.01922066194163214,0.17117113092195216,,,0.032961249605723414,0.05325449304673432,,0.029787218747253263,-0.060243932212271166,0.052013873979850966,0.05858398605149734,0.010083293086688495,,,-0.05083791721940669,,,0.005648079595186311,-0.2999999753890499,-0.0385409309434585,0.20604096581381212,,,0.04520190158208175,0.0967741935483871,0.01946720223555846,0.0166588936989888,0.052700921206650535,-0.0023654055907533786,-0.0137221140228077,0.05021637023776708,-0.019630838751038673,0.10368663837501137,0.09615944651438917,0.01772724498402005,,,-0.039340418933024736,0.033297977603723265,-0.008636119705602841,0.04024497164174852,0.08115084625020849,-0.041584701767097866,0.0017796705726224804,0.039665921725600316,0.016431943380577674,,-0.06178011945594429,0.13540960988587675,-0.017772655746321312,-0.019277089606662,0.08812758326269726,-0.005804286420711128,0.1458760027297319,0.016615159162278754,-0.008226521932465628,-0.06843662235241453,,,,,0.08612146076223019,-0.012640364256456536,,,0.03809984537117312,0.03800583329221162,0.0522278102579224
2017-10-01,,0.03562755817853954,0.013096533833889602,-0.15906680291162914,0.015082264001992432,0.0154623978961656,0.0624736521805501,0.06492611989078262,0.1131302040492605,-0.08269229302039513,,,0.053971961877769516,0.06824457457870033,,0.004132213259585735,0.09680767351180247,0.11456144894561668,-0.010062152807804724,0.09616265010740824,,,0.037091987290832636,,,0.07052279660876938,-0.3262673100671967,0.1741521132984066,-0.02146696943124146,,,0.025168415982405604,0.029411764705882356,0.07035177067446059,-0.03186157840092975,0.1877346647501832,0.2222880743004398,0.08695652173913042,-0.14593527609023424,0.1497166041151796,-0.02853160008210227,0.010698088590759595,0.2728897175931319,,,0.052740499115479234,0.0724548171356947,0.17122260757526206,0.00925144268301207,0.036620052422695004,-0.028056309448773048,-0.07191131056224345,0.03072294412517845,0.0789838809215359,,0.0996093660609664,0.008944520836958661,0.07537100935340732,-0.0012285292948469135,-0.1795241795513159,0.006950236072166193,0.02974419880104592,0.04503996189072421,-0.01601083774327985,0.024699198496830273,,,,,-0.01513989245846571,0.37610232808305133,,,0.13321878716097846,0.0831540450219666,-0.0532810301180301
2017-11-01,,0.03402389374639975,0.19004446814506867,0.14627992468739207,0.27217471073738564,0.09224004598636897,0.04105414364216635,0.08419356807585662,-0.12211909609502103,0.18238995018421292,-0.09570549318772248,,0.0396880715949754,-0.048883509555752575,,-0.1340388392690448,0.016623360914516386,0.04300784690527645,0.13632279385912469,0.003509049714916124,,,0.0012875012292713627,,,-0.0422413196191022,-0.06292750229106896,0.03602419174851119,-0.015539225698368143,,,0.010027628195493209,-0.11428571428571427,-0.16557122970912416,0.022566973761447454,-0.040042181144976735,-0.0019399085305194606,0.0,0.04352198134513705,0.06466231978206527,-0.21346706123823986,0.02381576314838981,0.150877166212651,,,-0.036149314291324175,0.06755978524970109,0.0897666029579312,0.07083336512247722,0.11289084743027498,-0.06841008829966215,0.14493786127791594,0.0964347705370126,-0.04644695905275336,,0.06724185577617861,-0.16430258395011213,0.06076742048150244,0.25215254143644444,-0.2539543125745567,0.02043064160214772,-0.06470255235192496,0.02373152301592912,0.3005292789803141,-0.2466007818007349,,,,,-0.02197261849925176,-0.0347322791456248,,,0.043688063740354964,-0.04505417285910085,0.0469491403427874
2017-12-01,,-0.03992389349507641,0.034336373151998424,0.04246425242636129,-0.02105819610784759,0.02680965202289923,0.0035618722442803804,0.006843187684010264,-0.04439375800060631,-0.09574470531532044,0.016960651552373474,,0.03432201891487851,-0.059100767413909926,,0.17651055412558356,-0.015245913779009957,0.08506220597722282,0.011839010334407755,0.043376896661372906,,,0.1468781124883894,,,-0.026259369252265057,-0.001459817837064969,-0.03433071959900505,0.03714016727287394,,,-0.12324541550686904,0.05161285400390602,-0.11477867529843268,-0.03770113539421696,-0.03073540580967935,0.16666668211328706,0.06879997253417955,-0.02716239359577657,-0.006186555595389845,0.04826953802419268,-0.014473961707694797,0.07560974390006027,,,-0.03628215540497722,0.16600936426817156,0.012708803942075306,-0.025680927152494815,0.059049662062355415,0.008094544217170338,0.14363591956687535,0.026474799409819828,-0.058136929224306334,,0.03875409415590377,0.004243243598697113,0.004222329774951573,-0.0009823407251521943,-0.11542986674394885,0.024621208602638157,0.09203217861021172,0.01270095347444766,-0.034971356992661344,-0.08121409394560739,,,,,-0.018316686577452616,-0.025058860641645187,,,-0.02786214864413284,0.023350063120040825,-0.04668274066750994
2018-01-01,,0.04897176333839542,0.11504112542231534,0.04073449264809336,0.11171367207642964,0.08459534577044188,0.06413991124022872,0.1382978807350236,0.10292855792291844,0.03725493187997842,0.1174116248002151,,0.04970932649025118,0.18651252448131528,,-0.03693014382377308,-0.010636430285419687,0.31931167690316603,0.05304214675218096,-0.012208735900276777,,,0.1462564592517416,,,0.1847706429487454,0.19152038548518835,0.13992232506879487,0.13339299560797566,,,0.14994143151389708,0.092024544184611,0.11186437910913387,0.01672242600890813,0.08946765145470878,0.07496873052484658,-0.03592811037210061,0.26653463533609223,0.24063896551025865,0.06081668195307465,0.02753735136762365,-0.09013606619062263,,,0.09115908385298616,0.029981502472221744,0.028584698515680962,0.20047916800602567,0.0935493160496028,0.1379797493302226,0.2302167469596623,0.033927627989299304,0.04432794687643017,,0.053788106264250166,0.06197183987754298,0.054090933366255485,0.1002949357362302,-0.007101635265681622,-0.005281245539488751,0.09785069430509707,0.0895457552575543,0.06607315805587025,0.0526785859496012,,,,,0.05426749964020896,0.186072081184668,,,0.15892415799706536,0.40810574254601895,0.02581982311216353
2018-02-01,,-0.07079062421444599,0.008985538345573649,0.04055972306428101,-0.01544716687706428,0.07799705807320892,-0.00619412343024861,0.12097611090430012,0.016000678344351354,-0.19092631375213456,-0.03641794688666045,,0.0019290452052316664,0.1216303611733954,,0.007789044733781308,0.06384759546700132,-0.03260868138011059,-0.09086420506606868,0.06430243982229594,,,-0.15856976011893942,,,-0.08884426302302098,-0.03926376807388416,0.04690634077713635,-0.04107421092865568,,,0.31035650773735884,0.2584269987996561,0.3018292738329719,0.08881575792591619,-0.028066497233829042,0.2344053184655218,0.027950283655170032,0.08044096851324042,0.04242908552813631,0.2293202946708397,-0.0319040324212267,0.13551409643602705,,,-0.017832951752694042,0.007015990979114774,0.13533669014064478,-0.24085162673808425,-0.037112704168936535,-0.03175185593835675,0.002247468621725756,0.20174115736498108,-0.005933325498491793,,0.09622068238668817,0.10013264167913463,-0.008193209559377955,-0.09294012518786916,-0.43048729132033625,-0.04167772155928872,0.14425553384613138,-0.01038397231481166,-0.047619047619047616,-0.0593723334631053,,,,,0.02195042203603489,0.005556570248824379,,,-0.06926858947320605,0.07798748813111156,-0.0718934440730482
2018-03-01,,0.007891874587732222,0.05568672329773206,-0.05651922526333208,0.0188274055163105,-0.0422063296375579,0.038894914715476986,0.1086150670116328,0.06903890802822467,0.0140187453157433,0.1917596863534048,,-0.04664303312250028,0.007601006633828509,,0.13614750042070484,-0.05805073333337917,0.0958801270708485,0.07740354420811463,-0.0795446175099324,,,-0.12774476393123316,,,-0.01396801392522308,-0.11238826603007168,0.033232901955588194,-0.052718313445087234,,,0.03265090221692332,-0.040178555082909635,0.11768151275528235,0.11782475326918485,-0.03850265747723095,-0.0894538708999187,-0.03323259728018405,-0.09854576162617346,-0.043049348708110335,0.05996002421074654,0.020827864729005826,0.3473250914245293,,,-0.09709884244599573,0.05217913311936497,-0.04179101441037017,-0.02979843620813053,0.012376183367151324,-0.22424645662146764,-0.08139801137434033,0.03259966574365659,-0.04155191267741385,,0.06162077541372859,0.020494282667914872,0.008695685345193459,0.0492610855952328,0.021978076269693114,-0.02603874422274113,-0.024763619310467642,-0.02700504009186528,-0.14753846388596756,-0.14697926889212454,,,,,-0.11551872203981366,-0.006815301903526174,,,-0.04457877789037883,0.013624823783978534,-0.09601002666007122
2018-04-01,,-0.011861433781956776,0.04329710501734856,0.044412343165785975,0.07926735797054403,0.03264167744933096,0.06599357819339112,0.01838314367559104,0.0025481739939351234,0.06912442153282249,-0.19625684701943955,,-0.014983733236207247,-0.0313240932098331,,-0.022501323466355826,-0.015019694187600153,-0.01076556840716248,0.0315099586008686,0.09887027455817993,,,-0.07744705518697177,,,-0.02724201908520921,-0.3582733581947316,0.02554611359535625,-0.0895651941714081,,,0.07427862013827105,0.041860447373501086,0.1055526125480559,-0.00579149114824525,0.03337041100201105,0.044812107094238864,0.17968751222360832,0.07255806092493322,0.08207473148519953,0.03394087799701883,0.0235020614339632,0.030136418730248787,,,-0.0017486739028346994,0.00943925242685783,-0.12481831663079596,-0.03342365815349365,-0.001484440917992334,0.10434744031643094,-0.04708333176345508,-0.05706966001331747,0.07425146045799028,,0.033221327332340574,0.06615469059042882,0.1089439685116484,0.049765324472250766,-0.05606762444277442,0.01791811919366674,-0.022160678284855673,0.0606921446258147,-0.07940807684525568,0.04651158336247618,,,,,0.12415426834520878,0.03820477454091334,,,-0.016607382240897996,0.05793121719308756,0.004310344827586207
2018-05-01,,0.016554277851106358,0.0794933844268639,-0.03026112643269002,0.026133941362524112,-0.03567400764041901,0.09096819864782286,0.1464615259415064,0.02541703366841464,0.03663786405899263,0.07244501182377258,,0.030026512146531206,0.13854477803232332,,-0.12847963486731265,0.1307636532049971,-0.026602192637139983,-0.025659806550465517,0.03166742754508104,,,0.4823434928580968,,,0.10905120394790216,0.04035870556032769,0.12490971080050953,0.12989490181390326,,,0.3130109152377146,0.07589289249510257,0.27860702182664826,-0.10485439856075532,0.13670610053439433,0.1448367329049231,-0.04503313165543067,0.10820916655476356,0.0405394124602866,0.05714282003941869,0.13777438650804294,0.056532923536772535,,,0.022991090296819863,0.0520585575450664,0.12458471941244607,-0.1953271205461292,0.07721908131947228,-0.031201083223482976,-0.1436353490277975,0.4535698558460332,-0.04459308958848729,-0.024494287746202173,0.10513005113182672,-0.07534619171675988,0.026333679798230054,0.02415022332015136,0.4564686472001744,-0.01732335095618991,0.14447587537214926,0.030264849073219274,0.13938445097635252,-0.009090828523378796,,,0.28941237370049266,,-0.03324032100746712,0.1395141378555827,,,0.09998658388212958,0.12526408410295498,0.024549361462245168
2018-06-01,,-0.01404651710534085,-0.10558611322101613,0.05608811071725335,0.14944378117797538,0.007492383556162677,0.013442417524960913,-0.025049163114518457,0.01541433106346545,-0.10602907766961817,0.047647823833690456,,0.050404459790975964,-0.0668360033481667,,-0.03255532335943128,-0.009418283046094482,0.0021295962703024736,0.007022889428025801,0.06902826438816283,,,0.2859773048021237,,,-0.063027100013925,-0.021551704204748317,-0.021943201410018005,-0.18427728818554714,,,-0.10389610830292853,0.07053937048473785,0.037984050225927185,0.15010850786746166,-0.05681818263918245,0.2585013604837171,0.06380028234579542,-0.014855810673548455,0.04306528756471889,0.1535365908231409,-0.030161911859596807,-0.03517307841497297,,,-0.05693492675324215,-0.02852207448690093,0.001477098453803927,-0.07549357078384833,0.009335943521917538,0.20447436812251168,0.027851344350638102,-0.009843488887173277,-0.08564756825281518,0.06676810811631897,0.0204315134646093,-0.07789096160195308,-0.007385025453586841,0.12576424087731408,0.2351955911475577,0.009667334952781256,0.03465350398837298,0.013234361317196028,-0.03441156291733507,0.028542275330721314,,,0.06303953629947402,,0.0018139942522879921,-0.01990908354814801,,,0.014621627302355963,0.11328209863722005,0.001843173756519278
2018-07-01,,0.01878664498226517,-0.03037031699822317,0.012166880706206577,-0.012861354284099886,-0.017197255049088568,-0.00034257778016740344,-0.00036704821338936556,-0.020215073388620133,0.08837207528047783,0.2478410011416637,,-0.026040678539028982,-0.037137921984075235,,0.00253968011765253,0.0279833215855523,-0.06817783257647363,-0.046326289904439696,-0.016193814132439685,,,-0.08369823393910025,,,0.009162922219734635,-0.08590305501377471,0.003568332414172009,0.016580394550398378,,,-0.014294171555959813,-0.0038759099642704797,0.03338091604077463,-0.04187101474040178,-0.043674684144210565,-0.27020833122230703,0.024771845545047758,-0.05264235182611257,0.04567589736901787,-0.052841504391807834,0.08095131380251347,-0.05196820479028929,,,0.08216066316509907,0.02772086148081092,-0.02928780902785983,0.06783919086245824,0.04729353169963392,-0.13066042374008738,0.14712478528050793,-0.028730485086614993,-0.05870340018238127,0.08672132585304419,0.007688603874578766,0.009096776252456609,0.048931753739087515,-0.006206355436406004,-0.03618277351085302,0.027597955597179556,-0.01036685036634174,0.032389646234557964,0.14201706268168968,0.1020812405743142,,,0.017941468352241585,,0.017201615949717083,0.15818942949347936,,,-0.013570281001230946,-0.13790455887078956,0.038300733909716916
2018-08-01,,0.14483293882063564,0.33350672144905463,0.19919860059347985,0.11984005827944352,0.1295814477087011,0.07456911142733387,0.2647328409360216,0.2017284581875451,-0.08760680643076459,0.13771629598250326,,0.061131019778006786,0.2451244443756101,,-0.1006966533520687,0.19622687957391835,0.01748388449861981,0.08305041078978496,0.05996264187381607,,,0.24214297507826904,,,-0.06526732628080542,0.1638553765571462,0.07695773113249553,0.08766560855160968,,,0.24531721915108604,0.4474708038368432,0.3933322596740697,0.2433071022830737,0.02887139107611548,0.1038594094377188,0.0699745171189697,0.05397576942834779,0.13236453961145508,0.1694736681486431,0.08229319551465204,0.15197382691620462,,,0.01887587080785335,-0.0015945089446690495,0.19470373952945494,-0.26235294342041016,0.09768823674101976,0.011806574089819137,-0.001458108526027958,0.05179125226246304,0.2776572008459778,0.03659138201829788,0.3314258836336025,0.06889894828696312,0.03682818384474858,0.10694768467463277,0.00797747914379987,0.015072601034850272,0.15793713710809054,0.07422841515822373,0.07208617585535196,0.15647480117133833,,,0.15844150016822886,,-0.08374462966909217,0.24306031741482706,,,0.12405651956567253,0.08958358090146816,0.04880796858773865
2018-09-01,,-0.056241643508808725,-0.056496219892318074,-0.04836908790191634,-0.010597836595080486,0.01842162569986344,0.03613246745192629,0.030628547380544987,0.011402620260705322,-0.1170960166431576,0.12915650793390504,,0.006683560507905473,0.02963780234706716,,-0.07253519343705493,-0.008302944906676248,-0.11561453745905828,-0.09066800158070322,0.01826962777055902,,,0.09247614240829256,,,-0.058568083662214124,0.2753623073943128,0.02443930857554221,0.06654170881633037,,,0.1379588957898527,0.09677415054538377,0.06967511606781061,-0.010766312647539316,-0.06326527498206329,-0.19101765669156232,0.04637340670615605,0.1289902435718409,-0.0048243219966860994,0.07740772810293364,-0.02990615292924548,-0.24147724694272185,,,0.061342104362198176,-0.02648386851123239,-0.008357541366662401,-0.12599680450657508,-0.036591310400488325,-0.12229002978817476,-0.005665729449074878,-0.0830089392951602,0.04414265446103824,-0.045852692304254886,0.10159974080462604,0.024096362008327758,-0.0250832578947541,-0.001410469487533778,0.15549349272659044,-0.005399588498811615,0.05045233231710716,0.021784988505267132,0.04831901817874547,0.09642307604173547,,,-0.15807173524925133,,0.009713868729001858,0.06810351192015522,,,-0.04862997296783193,0.017542461748031108,-0.01075098973552895
2018-10-01,-0.2546747872731175,-0.10418144222146797,-0.17426190295304442,0.0996488067702484,-0.08615673045133079,-0.05960948478770903,-0.07211958811199401,-0.2257746306943221,-0.17205816735209525,-0.13262599201099218,-0.20237027717143025,,-0.0739130555618063,-0.05954871158887025,,0.002277884039286323,-0.030477561421964568,-0.15036957046104585,-0.03473873217708855,-0.09400229654263173,,,-0.2531319680159575,,,-0.1364408623272099,0.1428571649738949,-0.08960924840278714,-0.18717048269076944,,,-0.1705514482078405,-0.09754901021226266,-0.12818727068929475,0.0006402195233742013,-0.11187368116611704,0.22101198587033946,-0.015909129578218918,-0.15997818158403593,-0.20219170755585367,-0.18671678399277786,-0.0018134223383223763,-0.028324037092572286,,,-0.0527540951950428,-0.01230350659063903,-0.2510077006839618,0.012773753908346156,-0.13238922390384122,0.2740113818513219,-0.04690575135384946,-0.05284944475773657,-0.12967481644677234,-0.17220593416097968,-0.10935295009191738,0.08764704535989201,-0.07817562212233331,-0.06355929577885963,-0.21031423761230075,-0.07111832033205676,-0.10135808785079926,-0.08155100628305488,-0.12689156663258874,-0.19290781513761115,,,-0.20220660319238729,,-0.16888226497340467,-0.21042225770720424,,,-0.04155275556301356,-0.1933819933158731,-0.1106971662385868
2018-11-01,0.049823317506158316,0.029133905956826724,0.11909061954292713,-0.1961380320754747,-0.14804427867810166,0.04633877446742673,0.016729852034582347,0.08113514617847413,0.11798839458413925,-0.06116207808370136,-0.12404319110002407,,0.04377622997731608,0.0811785914146879,,0.13939395296781662,-0.18404458862727305,0.07109124143411757,0.0337911947987651,0.18353488266682927,0.050735249238855695,,-0.03708408680146565,,,0.1305875877879067,-0.1235795298683618,0.020874043772286043,-0.049729733853726775,,,0.09064429164157732,-0.2656164818130525,0.2561818177392242,0.043506036245847465,0.08389554850603109,-0.09496400682188634,-0.031177772384146388,0.10503083899154808,0.0576717502496773,-0.032562899010090934,0.03572871265751041,0.07708987936237667,,,-0.0016380391237662275,-0.04844290657439446,-0.06531315836302819,0.18558553109433526,0.09023184623043927,0.03901345763104032,0.08465331655070302,-0.023081205138305326,-0.21368523099230435,-0.08891707757038574,-0.10148459401696903,0.0822066239361427,0.0634331992052981,-0.20135746834139354,0.08367343661885482,0.04909410418604485,0.0249171030954252,0.028001454040219444,-0.0736206251081205,-0.08523728095555147,,,-0.004291852910580286,,-0.009365457235408464,0.13213013167463947,,,0.019242131728348245,-0.0518589500953965,0.010998622233611728
2018-12-01,-0.06395152060180531,-0.01457882905389269,-0.06157705787257142,-0.11840360219409685,-0.10767166564838727,-0.0948401337399264,-0.0824126824984044,-0.017836132725018557,-0.1099653936999892,0.04234525096917551,-0.1331277390256865,,-0.14290061484979155,-0.11440493312059287,,-0.059840400320013414,-0.11669837677348815,-0.10443258259607456,0.0193994026445798,-0.18053060903669751,0.0004199637504973255,,-0.15178903559708934,,,-0.14789253509801284,-0.08752025205441848,-0.09825020509566547,-0.19112626116376705,,,0.002356601847380341,-0.13979292006883384,-0.05492639357971363,0.03954631998060586,-0.10818156490730722,-0.08616855090874083,0.05721090853331603,-0.09308270911167364,-0.11134978632261036,-0.0407730298878978,-0.12161374997964787,-0.06978302383746438,,,-0.07403603199182374,-0.11156360973011364,-0.057576571987761824,-0.07294833201200658,-0.10932819857020742,-0.05044514778196711,-0.16796884652711142,-0.07133846824792915,0.039204145568946636,-0.16776656447895455,-0.0461808803065314,-0.1899051024959199,-0.059741232112546214,-0.1756374488717107,-0.3149717350505936,-0.0768802790785645,-0.09566277450290678,-0.06894364412943685,-0.023171962118339558,-0.1296829440522053,,,-0.04022980263416915,,-0.15763752320060478,0.03537352605499414,,,-0.02004429867893487,-0.06455108134593451,-0.0944569372321899
2019-01-01,0.07910826340121624,-0.006731903016450587,0.19065329665887812,-0.00429094100666103,0.06871128564827353,0.09139162051995386,0.0963677959487976,0.1569299300159562,0.1445454960708114,0.1781250238418579,0.2680107037715063,,0.0889299271926002,0.09024688037149302,,0.13154169812701458,0.055154029702498115,0.14744748909588729,0.1569343160056976,0.10165537770759207,0.1891437606060907,,0.2151420610510778,,,0.2292259173418291,0.02131436645112724,0.09538543717771747,0.13502103281048702,,,0.29200628982599297,0.12467754041246125,0.2465845004540899,0.12326748227616945,-0.029310971071611958,0.16771056508555165,0.0045095786210944365,0.21682921584811235,0.1443171394859193,0.2104273069165185,0.09008212559977573,0.2317864716104984,,,0.11251379500941314,0.06581526723240122,0.1110802606621641,0.23934427229059385,0.21954997950434635,-0.07746391855621039,0.2429571193907864,0.25540323568487405,0.040868717401592536,0.19339204359684767,0.08717875000771823,0.09068484291965344,0.0007808103822910477,0.04352807953797175,0.052920927422370416,0.05703076114837793,0.2591266470356256,0.023268091622122573,-0.1298541453077246,0.03532005298050052,,,0.23378239779981064,,0.08846152736047011,0.1058664622786989,,,0.05553580689401882,0.26840019186647124,0.047101473786940566
2019-02-01,-0.01432856720747216,0.11513910221945695,0.08843326553007183,0.0187459369692992,0.022424282267735515,0.09473460468395448,0.1450745829674533,0.17014657295228738,0.10740487694543084,-0.13262599201099218,-0.0009352563736080748,,0.050993172747872836,0.15501144848620704,,-0.12000000476837157,0.04031477623560069,0.05149057490625217,0.08990531247724902,0.1372872789359432,0.06541173598345605,,0.5136122242055055,,,0.08629587994596348,-0.12869561236837634,0.059236511346622875,0.0780669316313577,,,0.029722151391140438,0.032874641260238334,0.09315489377479907,0.11997898861950322,0.05908492343877656,-0.08283672744000509,0.017957334472747805,0.12275178088643555,-0.04590600345060837,-0.0009144808003336142,0.07592101488182257,-0.022252574660059688,,,0.03782603112073028,0.07004616428372112,0.15796060421527405,0.08730163085247447,0.14348320373751905,0.041886561771395235,0.26041211138714804,0.04033446544589851,0.023064255761114892,0.03462534180195185,0.13347265588919613,-0.052036202512090304,0.02886677450794163,0.12843030959242532,0.09203654539813526,0.036825605494732384,0.0636094212590183,0.09710392669994344,0.07815022003454028,-0.2281450231571032,,,0.11526796107172844,,-0.058448770846812825,0.0922764399415855,,,0.10488955987523067,0.05478646864069404,0.01894010049931476
2019-03-01,-0.35192697343684937,0.019434628975265017,-0.08301446867344216,-0.0613366706018511,0.06349692612616048,0.04288200117970451,0.05778334680998538,0.07567708948337835,-0.044107646309476264,0.08562688598570108,-0.06248533109171137,,0.09071755450918101,0.04498531005721708,,0.022017075376169783,0.09702572130497153,0.028565248649678163,-0.09758109386466236,0.050637314893594514,-0.11804323211355143,,-0.10399563308320756,,,-0.003168889443932475,-0.13772455602750694,0.015199962797619046,0.15977015790764265,,,-0.02532980638613061,-0.13619541979387365,0.061549758271895974,-0.1247069787588606,-0.001974772146926965,0.06822613172912788,0.012127961858072677,0.09236056983572442,0.08593576634272249,0.10599544010118707,0.0998864683755394,-0.2465561676282613,,,0.030308804603570563,0.029428586198572568,0.006475269268378321,-0.08880784333289439,0.045432106310883534,-0.1251094379111468,0.10667190115282196,-0.06666669552489644,-0.07407403236349992,-0.009561840614576407,-0.032492218747283134,0.0017900170785088887,-0.05535541552502962,-0.023346281843608523,0.0014942988173523967,0.019823822322491063,-0.012887505083846307,0.054482902985745006,0.06817755068853193,-0.08287291762440235,,,-0.06001815560671934,,0.01421196574873916,0.04568287941347647,,,0.05883549159805826,-0.004300498516262818,0.022520076932113456
2019-04-01,0.3041210172406605,0.037781607960084486,0.1078651282231205,-0.07570979111051768,0.05062016616104801,0.036303000991651686,-0.039592999344025916,0.032705867991727935,0.1436914281685341,-0.008450682734099912,0.016974545228776606,,0.03777976215811736,0.007683866843560744,,-0.026407234563913497,0.056435911518462015,0.00897891648895546,0.041695295101998965,0.1308515378359398,0.07111556416490611,,0.0922869466478922,,,0.01710063265641848,0.1087962434063744,0.08540662163561125,-0.09018828876615168,,,0.2574639738676879,-0.03941731235129995,0.06161950120128444,0.027316562763671542,0.33143708693377033,0.21380774181647108,0.0784312951436996,0.17863713355125838,0.08185877834128877,0.11032029817969204,0.01977986821382146,0.14440902771214684,,,0.030162032660513805,0.1164412017950941,-0.13253270777644371,0.06809082035601975,0.06048598966592157,-0.14710928931805708,-0.04646169386769978,0.06626140950092288,0.16115946009539175,-0.021829961906895463,0.11254015494657696,-0.04586065609154202,0.013044304380830945,-0.03187247968526485,0.7469413264013838,-0.005399588498811615,0.1099813371090597,0.05275619505458541,0.5102577432402999,-0.030120453808230724,,,0.09317125775734213,,0.008371183335940486,-0.019930579908659058,,,0.08599769472369748,0.03920801851596036,0.16151019072953202
2019-05-01,-0.3736000061035156,-0.1121576060682075,-0.1742248376708613,-0.2369576087818756,-0.1873712834191837,-0.0700625903519045,-0.02473508928330489,-0.04021415844596063,-0.09707649626844234,0.002840865680502421,-0.16151206578208266,,-0.025181972359096357,-0.18802688767170925,,0.2005709793030216,-0.12757258722439302,-0.1338990327310817,-0.2447767928153825,-0.1330035198444236,-0.04091174605665996,,-0.11187172415947737,,,-0.19566746448386865,-0.2317327565627826,-0.06343995195683863,-0.14488021310776472,,,0.08833992645624411,-0.1347011796381261,-0.0375528213461047,-0.08915542046992772,-0.13087500917709974,-0.08694565858105703,-0.02323227788876168,0.12881367911317215,-0.07861328805658478,0.023702985904728108,0.06544100511899037,-0.3500810236778857,,,-0.0854871353768656,-0.05870593419394483,-0.05908527427861435,-0.29624998569488525,-0.03774534037367869,-0.22426573588626708,0.17841947013104895,-0.04675026861283397,-0.2329006867502313,-0.07505341475100145,-0.22414895335517784,-0.08926343722311003,-0.06774956814498012,0.21810697811916024,-0.15305772026553002,0.001357199697433622,-0.060762135509192024,-0.018852952519672263,-0.22419596162041508,0.01242234829118668,,,-0.010764016505448962,-0.19561005666512465,-0.33826624058694804,0.14280522478107646,,0.10017941236292463,-0.02678014306079248,-0.07356833037455973,0.05297222624709298
2019-06-01,0.03448281741947663,0.07824839071499669,0.10316696514272217,0.017891418113133457,0.04222972918549449,0.051893154454844916,0.06730643274635127,0.05673589055545253,0.012367100796005993,0.014164306255141873,0.05708433172277023,,0.037625634147603663,0.2219435517376544,,0.16349584125415975,0.13051916312775266,0.12592594145546993,0.043971995189971136,-0.05520391710661349,-0.0900670215086618,,0.013818523498864518,,,0.1352673401075435,0.14402172874328376,0.0876707291808771,-0.04968151225778256,,,0.09088500975608324,0.002061902902778028,0.033032808765034664,0.17716092400399966,0.10505505891968524,-0.04226117340469158,-0.01758015252871607,0.0918515844329484,0.06679176718732131,0.03465858375235565,0.04812412543367499,-0.07588169518788246,,,0.12588938613980233,0.06342885802259783,0.029689889980165588,0.1492006498536542,0.0029550366559283124,0.20684811887285134,0.07230245843764041,-0.13765946571575044,0.11226816838046673,0.16435737449196605,0.06001653245929332,0.015078839254829356,0.0427113953012754,-0.04307434310044027,0.15449777258003708,0.0005421647626613141,-0.015927946250457244,0.0757453733466138,0.1384316079354381,-0.16257667881601914,,,-0.11327153288019245,0.09229531420621867,0.06690909645774147,0.03940259924289118,,0.11363347770141365,0.04291570919792853,0.07003032110932231,0.04759185040673405
2019-07-01,0.09197529018188784,-0.045914464748800135,0.07602383744408571,0.03923414865202048,-0.052025916447002135,0.012241951201287987,0.06114878432410273,-0.061439978610615516,-0.04131366470041535,-0.1201117130921372,0.032124060587237296,,0.04226875238405686,0.0066828672479557994,-0.1447811795942728,0.122636671229229,0.07639447886555158,-0.017190101378496584,0.02147839583088173,0.04353805685657642,0.3237342215831125,,-0.10164381053349744,,-0.1505190463283108,0.021599313827236646,0.22090257005032268,0.014288109765096984,-0.021447700615810382,,,0.0592664526614641,0.27469135832751473,0.020241983009084547,0.09944079859892227,0.08520306990893795,0.2123209032503187,-0.0831578907213713,0.0590705025716004,-0.01417910337114621,0.04517943626454552,0.0383627994358788,-0.1249036123520601,,,-0.011760610308695305,0.09970049818594816,-0.0209236979729148,0.2581144678957765,0.11952620712355352,0.0812225262766159,0.01577384159213987,0.07698527185593065,0.02545345009119357,0.05963617253388773,0.045294750027357784,0.012829140783253144,-0.039739163950823116,0.0944395147422226,0.26484974498376324,-0.02709292885760081,0.04808818169591432,0.025641007605831417,-0.03825418751661753,-0.06959709007069591,-0.1088000488281252,,0.04043456393581623,0.0650257348425167,-0.04822770648153975,0.07092631488105165,,0.07568421163883518,-0.03547088582097078,-0.1206850054609616,-0.02251025180331609
2019-08-01,-0.011871169331904869,0.047977750044443886,-0.1736013471849898,-0.12503778981214309,-0.1783210806269407,-0.15505415010819532,0.039847058852012784,-0.04021063557350478,-0.08548371006756683,-0.2126984369187128,-0.1247652661327044,,0.02902687862052562,-0.027787000935612892,-0.07913386846728376,0.10605370944594288,-0.020183946340973792,0.08421502041740234,-0.15701797543322404,-0.18940914672074213,-0.1106951557089686,,-0.1404391985669118,,-0.4676171038289151,0.01109120306265253,-0.0505836106611516,-0.048015714010883635,-0.05890414985489115,-0.10614804778432592,,-0.03309639815373691,-0.472154981385648,-0.06210911761728158,-0.09486954444316234,-0.028607068092533727,0.008035928658762044,-0.09988517586093733,0.2123757667315778,-0.04847383666754683,-0.05568276349689271,0.09832730379971592,0.06740082501648151,,,-0.07531079789035706,0.011346874289857268,-0.08496216868080801,-0.1793612350620809,-0.01269410981115998,-0.06622236333772838,-0.04315922896238169,-0.384565833643002,-0.04393725960196367,-0.12901771768542256,-0.014070443129991738,-0.1046666463216147,-0.013370060859480634,0.0661290865907079,0.004972384016081387,0.00974654624361734,0.11727837573811575,0.01584273777650983,0.06301247608253761,-0.2204724217283057,-0.143028098180405,,-0.09725449488157943,0.1873059137874461,-0.06472691069892507,-0.04003711679878173,,-0.04020525475235556,-0.012228246879187357,-0.090529091050646,-0.0382414208711478
2019-09-01,0.01315786889356536,0.0354525931263779,0.054015390198636486,0.16223676102830378,0.09259252644789212,0.055543653019514784,-0.07774997936285186,-0.09127182011675447,0.03416880950681698,0.07258069353967155,-0.051195531073821264,,-0.029368684055131364,0.006535611109928625,-0.2005129862801369,-0.09670775917297374,0.0729615566098938,0.07130057550950636,0.004211180992304432,0.06094453456163131,-0.06314715087381699,,-0.005499335896179888,,0.7107881509137465,-0.044563806811158034,-0.15778687763713922,-0.02903240477348924,-0.2358078475320449,-0.2299269756400195,,-0.2216600862887537,0.13608560729003805,-0.1572009039958215,-0.04153434523000677,0.02155961902863389,-0.033997672006169335,0.017857125479695625,-0.1913127174651541,-0.02273277673961651,-0.16762924874317636,-0.05946239393641485,0.08336774642700774,,,0.057049506870155274,0.02524402635851873,0.028766684818439945,0.0898204186958719,-0.04709138358129431,0.06763880206911092,-0.07293978623939455,0.07167772234765278,0.037003931380981035,-0.15524266337165782,-0.030563250310913725,-0.006701425952552194,0.038072630225054,-0.1452344960296632,-0.15255637662070884,-0.017650287348975502,-0.24073514537573396,-0.04872255536184138,-0.019159032121449527,-0.14141412560227773,-0.17143854581179807,,0.3261940456242384,-0.2315513605458763,-0.016368326452491384,-0.06742987462518077,,-0.16875751641439254,-0.05006883595661818,-0.08895320811170213,-0.01073872375326797
2019-10-01,0.015245650577158772,0.03289078009983158,0.01781773683392169,0.06623116953390243,0.06417830611889506,-0.03845378530148732,-0.03173649080215305,-0.03059818621815986,-0.0023019386927256896,0.04511273828502543,0.08529884732053587,,-0.0360281139312302,0.15263846850465196,0.20909089240045,-0.11799544704166345,0.11068443608974393,0.0788250193642513,-0.034516119187878024,0.054711494385180415,-0.1254553638704326,,-0.2665893565593909,,0.033542038440409865,0.05644921773954033,-0.1484185191480276,0.006081421450791854,0.0019048055013020837,0.06015310244888807,,0.1077595034431072,0.3808883534222118,-0.12186251034419199,-0.05378538452644789,-0.04589133974293852,-0.2725728456705919,0.09273186042438626,0.006128485014651199,0.023474718849272973,0.045657032110576035,-0.009152265942099749,0.1131428309849329,,-0.009436735366091131,-0.009812776900028576,-0.05340334208901965,0.1234773818122366,-0.11538463301912515,-0.03488372287656618,0.30742727278126303,-0.05389757812562283,0.04247350306345949,-0.006906523121346877,0.2657895004540159,0.06253250767039388,0.1874062947079512,0.1278491959849401,-0.13539820417221549,0.06698023156561164,-0.0014036844065090026,0.02301962587635379,0.039823302844436734,0.05453596917516522,-0.035294153121102595,-0.07290347979809915,,0.06896001935934276,-0.0495274606996051,-0.008855621284466144,-0.037069526748860965,,-0.08280837022709765,0.004923275936480777,0.07394816869440594,-0.015402603059502562
2019-11-01,0.1963292979153466,-0.01905382165706566,0.2439146578821358,0.06323110157613933,0.08428774148968582,-0.04630597823542891,0.005398115139563107,0.11818822779589765,0.2276058166884723,0.04316549625439256,0.19350997232726166,,0.08488839202135341,0.05494601081477201,0.017691269691834873,0.023760282539800327,0.07432869392773679,0.02843359573647903,-0.11259608435923145,-0.01674359691500015,0.10276352321000327,,0.03271305730507306,,-0.25573343536671594,0.13205412391947138,-0.3342857360839844,0.11369771862074116,0.058935347773823275,0.04401652991759638,,0.18987805209882494,0.10916177978303446,0.06959404919853414,0.022629315106643302,-0.0029178987653147603,0.031364716569705124,0.036697211585436484,0.07392286294720167,0.013587300994015623,-0.00966658727062988,0.03396332665006927,0.27823406405936946,,0.2137541015945071,0.0302807425281046,0.007167661810196894,0.024642680011776868,0.09161492971205626,0.20396679938760176,0.047694616845936365,0.11324588768745207,0.0618170345830961,0.004926166094204332,-0.012127511871030984,0.2887445286500798,0.05808081233784827,0.0362851086358215,-0.19037876388977293,-0.040583704916964274,0.06128761101712892,-0.02643459666132593,0.031588918020821075,0.038662363450534885,0.6006097700590893,0.03727271340110085,,0.07584221873250853,-0.22513921976237816,0.1637702558180595,0.05232220918057625,,0.06596080484491118,0.03756007415390503,0.09481228785632732,0.06659704124544633
2019-12-01,-0.06229661266059186,-0.05122062698366539,0.0036858534195046227,0.07230815479776408,0.027397257686608674,0.05848593314640094,0.011742353336693658,-0.030000034766861163,0.014151536228617503,-0.17586208211964574,-0.1224744282545272,,0.046778700988271305,0.017932573349084654,0.02129507893281633,-0.023208834084532486,0.0987838873582203,-0.00301609088899704,0.007906664007676943,-0.02461124502780351,-0.1902783013919105,,0.06417810521844505,,0.0959302061244962,0.06050003051757799,0.12446350701666925,0.06551868594086434,0.15260320977315822,0.024703556815617443,,-0.11103402811106808,0.04217922121347079,-0.048412084228280236,0.12460483815372647,0.09487400191451492,0.03688124863397207,-0.028761087387055788,0.1806384159532758,0.02612167687511939,0.012325236754836995,-0.022402485362226887,-0.16305216851505006,,-0.07333827924687736,-0.056287849693043936,-0.008494094006362906,0.031265011539504416,0.04836410606024739,0.0014632879379871495,0.26789721891522883,-0.014881694846725102,-0.033960565607131725,0.0043253034763245535,0.04910557593926114,0.015697854783538297,-0.013723122857718055,-0.016931088325950912,-0.06321112637740234,-0.18060833181388086,0.025960252774472267,0.049668874172185434,0.01837298515296872,0.056014364263716435,-0.09523809523809523,-0.014899218104065344,,0.04072463928048626,-0.04312115874369543,0.06639671667622299,-0.05326098843484391,,-0.08671139710701553,0.0014813075599519967,0.028316289195995763,0.025143220335731745
2020-01-01,0.04858698753244597,0.06590474356505553,0.0366561399329844,-0.09943805679154977,-0.14216865018668434,-0.04149286700911965,0.07043871539319592,0.12749581916532252,0.07298593099111829,0.20502090781337,0.013359898141728471,,-0.025454720159166187,-0.06428123243035053,0.11021277245054854,-0.041838912590628434,0.05400993086596657,-0.042184845740053836,-0.09077326348984233,-0.024573396748939883,0.009020127124928659,,0.036848446392086696,,-0.23236074407439414,-0.025978357411907883,0.0038168814193295228,0.06467365224747099,-0.049844262906318125,-0.09289621473152428,,0.1099072549476159,-0.18128159197035135,0.2651607436129049,-0.04731788528331909,-0.15235389969734356,0.013416546502707854,-0.10478355665569662,0.17123602643280755,0.08706381930179379,0.16595853606640815,0.09714612581089806,0.0387076450083752,,0.22313394858539126,-0.010003752055043964,0.08068999122858075,0.010494420516096312,-0.1994572337880215,0.07532049138248108,0.55515977629586,0.15921249985993524,0.004565561648724837,-0.06402535859028638,-0.05516549536374636,0.08055449889507403,-0.03327290511569805,0.09305680390289274,0.1970310483416364,0.2443928671948436,0.03563132157051276,0.14157730246944006,0.05891435701864513,-0.03309538351174021,-0.22105262154027025,-0.07784697667417784,,0.0593712250660044,0.1818670283261744,-0.02246838554589483,0.2215390100831765,,0.12139920671790383,0.05287973853682923,0.066507984444024,-0.021256268859075444
2020-02-01,-0.3092198619296003,-0.11096490990358952,-0.05107556973043755,-0.05860010340872088,-0.12509363509921406,-0.13139005340742008,-0.051822521314848685,-0.08206022965360166,-0.030327665916168218,-0.5347222231420471,-0.2849930244010069,,-0.11997470674178802,-0.11735420697166145,0.206592539598502,-0.059838207474709575,-0.11679759385306145,-0.15862433144905544,-0.1807723743199097,-0.1860056826262514,0.13840942874670845,,-0.32540020124666114,,-0.03317211382534435,0.0068251303891947775,-0.3079848010428772,-0.017144213932089918,-0.1524589906357778,-0.12083628385484743,,7.805159389144697e-05,0.5993820465457889,-0.0940968094968232,-0.05458562837362012,-0.09795542154986228,0.022167525580375796,0.022900741129903958,-0.005046613591535399,-0.06221373438099536,-0.060691033106299724,-0.08636593778445865,-0.265783823334527,,-0.02293870546623608,-0.05700670419397776,-0.0732725918553372,-0.11054698160881088,-0.1474576053383779,-0.021653381496547844,0.02677658692803728,-0.07084460136217949,-0.14770494620762697,-0.040797487073909205,-0.02958250420588588,-0.11529128798014544,-0.17177721928613607,-0.1470879529079687,0.010146578776671298,-0.04443754790598253,-0.0957367263563905,-0.008234804206143252,-0.0864954847880678,-0.08217084406808521,-0.28918916741977946,0.30342503880483856,,0.09935034021306913,-0.11484342295909156,-0.028973731566824368,-0.013877505347842262,,0.3761467339493244,-0.05180438631572402,0.06937321480036672,-0.0356397761761091
2020-03-01,-0.5003422065517623,-0.12622081034147578,-0.14321589772541202,-0.5579250773685448,-0.10766272394199336,-0.015527145683602726,-0.1348504994562853,-0.19291383045447372,-0.18220870646273013,-0.2686566813641644,-0.2569634874803776,,-0.09596324371494867,-0.12973406151974573,-0.20044471276044126,-0.3858945120310057,-0.06976146139642245,0.01772676664435129,0.0275827092442224,0.004812494583553869,-0.2443812494977263,,-0.15456416072253432,,-0.4989277810172862,-0.06500002054067773,-0.1978021999615255,-0.07788596796220178,-0.20116053123901287,-0.1922611307171932,,-0.0452912348347462,-0.20476493278683847,-0.20552203170560726,0.035370626355420445,-0.036874116281160566,-0.26024099694123304,0.006218929225384929,-0.10010577178824406,0.035020555117783674,-0.24778034310929564,-0.03730720264034822,-0.3372483183889688,,-0.20310081226434834,-0.02284668973584185,0.057565548544281225,-0.16554231750276896,-0.385685927379505,-0.16818993637727495,-0.2155571385643208,-0.2068893343885824,-0.17810161645936826,-0.4234090047104862,-0.11435234272274147,-0.008720354800493635,-0.20060444290466625,0.3690879571272153,-0.19308035844955973,-0.4565853956269056,-0.12985941363044856,-0.25778765836467804,-0.11355633810206897,-0.1360153398568716,-0.07984791977532449,-0.006661743231912554,,0.07055965866701365,-0.20820514972393328,-0.15994333976068578,-0.053118183294721455,,0.39161900111607145,-0.11343643154297955,0.017532453302184232,-0.0906596689611388
2020-04-01,0.24931502017413065,0.06968673550607209,0.1119385001794174,0.22425035852931732,0.04989210601034003,0.07809716579939137,0.1730869459069291,0.20106225101815645,0.19878281592583505,0.2448979154918064,0.2080252648158137,,0.13432566870294774,0.2508714380577127,0.5586014868225853,0.14098975009369766,0.1553737683353446,0.02356560540692697,0.20009762944209075,0.08604464021167255,0.1492563664466043,,1.3211078612104028,,0.6747502693007486,0.04211231294389908,0.2534246541787587,0.11123688254260992,0.03631963467578213,0.07185621561490291,,0.2375265860307197,0.01943317924736797,0.2548888784499906,0.16176835982300802,0.1382741722540523,0.16775248081526406,0.045735460887565686,0.5165375222094748,0.2689001688318372,0.29746080097745875,0.06993011501223438,0.2968354128966099,,0.254030002944251,0.09600660488009727,0.0679855871235766,0.18159204540723373,0.1003236860223209,0.18975544022747973,0.4921374286873673,0.19429781366887472,0.1611158451084469,0.2396006395065733,0.24810609582579665,0.06494019782280576,0.08790173080171543,0.02444359859047815,0.15629317214698535,0.3441053450052577,0.03612171471128465,0.2660860559485106,0.1092353937245008,0.16289721203998525,0.05785118267433915,-0.005588659376956604,,0.1336579899369609,0.3380829280371795,0.001389020620862696,0.13281372370607386,,-0.07493838840783135,0.2847295043292075,0.11810920400403628,0.10160339007213404
2020-05-01,-0.05482456209146636,-0.014644173571652113,0.3240239065956865,-0.14110763732630374,0.017591968236479506,0.1283623994715233,0.07601649290690561,0.1153746496288758,0.12424517390762632,0.040983607198114974,0.13548953213186482,,0.08871965256860811,0.13785597473336986,0.6599542061292063,0.14157115420889949,0.08216479118933177,0.061861863971792476,-0.1293208737471729,0.1881843004561278,0.3395696754997468,,0.3830216203286335,,0.14224873158876458,0.023289096873472814,0.14754090458221622,0.09320209843290636,0.08411206519388609,0.3165736168214657,,0.2926635683156546,-0.0976966227961338,0.7595725799975623,0.19481077451963685,-0.0366179542675797,0.07984654755270136,0.08037828630137032,0.19850071031838687,-0.012784916254042038,0.6996407459717773,0.08605663786390258,0.17423131940959524,,0.5795655658294424,0.015102873676126385,0.08279607044404061,-0.0021053113435444077,-0.029411805954770567,0.044139617125902864,0.067938765788293,0.4595636212860195,0.2320730716683513,-0.027293091719913842,0.19370577246697268,0.29199925476378696,0.08427448254262328,0.02144680179409946,0.1519139365932037,0.150935059447117,0.061773712863427185,0.18567275485968396,0.09243511727632682,0.028092019015008,0.05468754220055511,0.31322587245119066,,0.33403346532853523,-0.017908951336759668,0.055682182994046994,0.19171648662591573,,0.3278094115471684,0.260243857779154,-0.0002858047289343489,0.050583688818335526
2020-06-01,-0.005800486241145737,-0.04972688202503542,0.06919931588337831,-0.03967758356771155,-0.0038168383508790102,-0.024675874376960696,0.020219051285129325,0.032419810837281335,0.13694266037612138,-0.28661412947368065,-0.02424939075700878,,0.06497374477120442,-0.020549556962601842,0.13359945610104915,0.2415770560312727,0.14738625209703982,-0.0872926279825876,-0.028491387888790437,-0.0090228682636432,0.07320764722502968,,0.15190904747889336,,-0.046234145608788434,0.04006942274482948,-0.0619047056790628,0.1259958372634779,0.05387931189518624,-0.10749649369573418,,0.02377540573141568,-0.03961266046347383,0.11042505764903164,-0.019905872376627567,0.07057434040685541,-0.038101337552123256,0.017505453107449564,0.252573274607063,0.12956674704826535,0.1524310669299634,-0.024699111935056788,-0.014754761018962082,,0.22000843333421471,0.02789659637771902,0.012192752825363877,-0.07779528192746844,0.3151515803936989,0.09265519933116448,0.2931856623666731,0.15745539858393734,0.04157218347038372,0.0639374151003933,0.42701604428886253,-0.013864890216189404,-0.02443905149749784,-0.001417711733733092,0.044652159923753584,0.06266920340341797,-0.0339861827099292,0.1220866428130752,-0.010602372802592729,0.12772010610594012,-0.04444448957717879,-0.11298143140287173,,0.23236009692508225,0.09265643548236084,0.12519939892831908,-0.02714516295982968,,0.4126365016802267,0.1239920127850564,0.08412550123737496,-0.059670759712904524
2020-07-01,-0.005834216900934283,0.047594870317385775,0.05596381754788415,-0.11620401661277288,-0.0015776357112761456,0.009862759230111637,0.03436980516516625,0.02959451917664242,-0.011538984645903468,-0.15286977535707785,0.13964492918770802,,0.04685170222336872,0.0968939376731965,0.26564617571688354,0.11489606271256694,0.1651316413588822,-0.06589544798107466,0.009615421647857579,-0.09460153583071257,0.0431623836509047,,0.3465411442539701,,0.0664582004695002,0.16374597971224755,-0.0761421187714204,0.02069791600504716,-0.03067486696584235,0.21751187879963085,,0.10363082676301584,0.08982589455701101,0.26433331393126364,0.0987813605833444,0.0023935923127476532,0.22188655277637984,0.2419354789090829,0.07880318882323616,0.14711356783866233,0.1337132526828541,0.05103485247434532,-0.06391054184874183,,0.07947100522870197,0.003256745136330046,0.049958037972428884,0.5539032958459618,0.04838710386260037,0.15106540571904573,0.325010884398153,0.14085432995006605,0.029172744437103163,0.0799827258363122,-0.0014330342526390689,0.0075034512073915965,0.2402464184732233,-0.034818531727159534,0.18787269491192005,-0.1408809256869317,0.03518188052969015,0.045732089269933024,-0.01433972303524215,0.15787744403486487,0.4573643804850137,-0.04953364129845952,,0.25910222041466585,0.5466847450394525,-0.004087062025724213,-0.020081046708720515,,0.001459376768062729,0.1253516164394167,0.07436707916321586,0.013129013222725113
2020-08-01,0.26173702141110633,0.16559074060415302,0.04532453614940959,0.1687363396947615,0.06975169764795063,-0.10360928686864516,0.12736240543505156,0.057377900603261874,0.0392082415921443,1.0736155786765136,-0.15610939162905674,,0.06739920802010321,0.020587707139080588,0.2913411231059924,-0.06939410614439903,0.21437973547842812,0.06125608984936232,0.15952382768903478,0.03016900024954263,0.12880755873975336,,0.11451013431565192,,0.1774192860489408,0.14345468047937,0.010989000192372105,0.15545104020899636,0.10126583169860673,0.17767651043952168,,-0.02538691609564731,-0.019344027692968998,-0.027611575558173628,-0.04604264730382433,0.018903606462008074,0.1148351684052533,0.008657958973509416,0.041425824165344016,0.0904609740892383,0.014286676327204147,0.07705473651854948,0.2938259753715657,,-0.10984442245418746,0.031920657049777285,0.035485572546556814,-0.0739786611423523,-0.03956050497367335,0.12762004014374656,0.741452071954644,0.039097624881320917,-0.13369063414671936,-0.07445951709718941,0.09440693369961056,-0.04548089953814286,-0.02781457388632644,0.017091640062296392,-0.0418410048519279,0.03601696473433634,0.060483824893096186,0.277353871941291,0.11339292168474345,0.12773409512173872,0.2579787316676879,0.11133675128495904,,0.02845546334382605,0.07290755127591553,0.0432998166069936,0.0855363777663414,,0.2803749415723782,0.04115872782156455,0.08321058801644507,0.05644357049088481
2020-09-01,0.009302361066951308,0.04237049995668718,-0.1422513868954184,-0.2549999952316284,-0.07491030349825213,-0.06702988510732127,-0.05553149303659565,0.06785641317597597,-0.05978837046750447,-0.359095203662349,-0.11279737878028415,,-0.0581002276003665,-0.1189054975415419,0.15192701176823814,-0.0345018895701354,-0.10252632064388656,0.02667219701038712,-0.0677617902538484,-0.005330962748863831,-0.006354783843896604,,-0.018714553003299758,-0.2928692623619179,-0.09900368940144792,0.024213539478761082,-0.15760873684867258,-0.044722377369141,-0.12068959059874383,-0.24233210509001205,,-0.007057570915785388,-0.0849056418588112,-0.0840377098422806,-0.300863161763792,-0.04452695073650735,0.09659926052407056,-0.06523599142429831,-0.04074386400450615,-0.08757852420479696,-0.13501679435235792,-0.057687875794909124,-0.2274468473539075,,0.2227408728976704,0.043341480065173715,-0.050588330964614826,0.034181264529698316,-0.08009151345499192,-0.011678407988197506,-0.13908732649680486,-0.07368708261251933,-0.08253295897179161,-0.131055388263817,-0.14031044734922887,-0.1075675898729535,-0.15905994479603067,-0.05158395586636854,-0.1065502434368256,0.07770959342505382,-0.04345460313368784,-0.024859790014454302,-0.0567008064578241,-0.011922738766901496,0.05708244816865801,-0.1820949913048368,,-0.034798181645004075,0.12829565883521815,0.016215755382636768,-0.05199208128026797,-0.096487092699554,0.44604729783325203,-0.03482904198887784,-0.05576327312379671,-0.014719937176300569
2020-10-01,-0.14930882785959454,0.1096573461300686,0.05267627781912467,0.01510069664628268,0.0011404935421195567,-0.08860111494915868,-0.035345326879371974,0.07792464453114273,0.01960953589461601,-0.04950981606707492,-0.07859449475496742,,-0.04017877609781896,0.12350474176255992,0.0535329016414123,-0.15907781949270686,-0.0600120636797861,-0.029429688440584755,-0.19074888890644048,-0.10398832485428106,-0.06006113415698833,,-0.14769255195360312,-0.11884755297941126,-0.1299239861608479,0.036431019303473,-0.12903221588849148,-0.08835101282419054,-0.021786574759337683,0.037563846964974834,-0.23229162513657764,-0.018798242495793985,0.23149018269611185,0.12902183558745606,-0.007558560026219259,0.04711293492325188,-0.07056178403704354,0.02938472770760084,-0.09534979600652492,-0.03575412271719795,-0.029546786733206095,-0.05398895126170487,0.09738502334051212,0.06631580152009663,-0.11168758078599487,-0.060134005137508974,-0.13949699693533546,0.25768631431199035,0.009950239314132612,-0.0443268579138071,-0.09549894009019903,0.1215450361515238,0.07629523049137038,-0.02090592698377073,-0.011048389552085956,-0.0631524910125847,0.12110164870161645,-0.17747446720834215,0.034213137549487765,-0.031878563204067685,-0.028392957562198413,-0.007391450504412532,-0.09131366902719937,0.048266487852192536,-0.12799997329711932,-0.04765452932090437,,-0.06035125981065191,0.4201398011707289,0.05103094162847025,0.05407339344351322,-0.1835148132459572,-0.019569849558871,-0.05532149400606758,-0.04857710258228525,-0.03043304121973235
2020-11-01,0.8169015481554925,1.0516548392105287,0.03100383557768164,1.1421486991015757,0.21462752596584256,0.1983286526256061,0.11866021738586505,0.20335313739071706,0.18973430828753587,0.5554409900349635,0.2568990894874756,,0.14835642493422985,0.3341559507983159,0.36818743570742185,-0.002056184554999489,0.0936064889240618,0.2298201954956579,0.1937941917966154,0.08669310986174396,0.22078689065282206,,0.02552111382578083,0.0989101087916297,0.10007944508426724,-0.13564612149619765,0.6222222359582718,0.07016326255635189,0.3073497070796622,0.22987700316854556,0.26413387568400576,0.1678024646038347,0.10958900629824196,0.14739934379057507,0.13734450193553036,0.14395861928360387,0.12451638382937308,0.09188222385960416,0.17824148073059076,0.043439929173766316,0.03279146494982467,0.10560510720417,0.12530810262695366,1.6762093093863484,0.09002752803245523,0.02869364806341752,0.08820436445950287,0.05057303807983109,0.3842364445235779,0.04330789395233391,0.4627357053060901,0.27946121953873,-0.015331360163454684,0.6237925983819049,0.2145983403164763,0.11651717215119665,0.08598262769244182,0.09402314683065566,0.21550092149457492,0.6381811266396485,0.12916417332770902,0.3594304016806288,0.15761377101673266,0.1930123009143028,-0.06422022964083078,0.6763096636437651,,0.12672437519313967,0.1877861872240449,0.04464488767501612,0.17445991434310282,0.1403174021887401,0.037859845850179485,0.1503787111164452,0.03144579450906816,0.06777001352805274
2020-12-01,0.07930828189633896,0.13355894695165665,-0.1679400260366456,0.20408946730740432,0.2425435407502465,0.04021384295276364,0.07905805908301099,0.07205988851825842,0.08960491156240802,0.25961544664021424,0.2666666869711103,,0.04865709300002023,0.015617496260302462,-0.02610690201036253,-0.2925824248701487,0.11457370046196758,0.05696307423727611,0.024623757440224943,0.002644900413194789,0.18037157738775714,,-0.11224250268615536,-0.20468635490511608,0.4108303521543881,-0.1163046450778584,0.10502283701553944,0.045248383056930484,0.1294719324870056,-0.05058589233658009,0.05724502434513822,0.03762651597013787,0.34979426667742874,0.05751508598436661,0.17968748603016113,0.08642605010275045,0.16426582412514354,-0.023692807783977324,0.03812427420065395,0.0280583235950609,-0.021414814699764514,0.004493598174149389,0.16356340085491544,-0.13131690494804615,-0.0048523628833806965,0.12075538935025355,0.014298093874939716,0.04275734032391195,0.22597864889461186,0.1117488940892392,0.2432523137121141,0.07847013712271841,0.09492720621290457,0.02285527935759724,0.07993276224463249,0.20530710649323186,0.5342647954514493,0.049870949208253294,0.0015552455907950895,0.0019142860637675933,0.024844697195565632,0.005350888699797109,0.03983831414722922,0.035129430137047085,0.0294117372066222,-0.01492535852860139,,-0.02448657939043054,-0.058840264420313634,0.5557953589965101,0.03919125503589189,0.06124724039773126,-0.2948406688399926,0.09377919992976337,0.10195632161633328,0.04863718863118217
2021-01-01,-0.013812154405032112,0.5887530998650171,-0.028606749236633918,0.13585395074799114,0.0030193928757070924,-0.003798841764141062,-0.049019336101085206,0.00782567365978102,-0.09140631426229548,-0.10055286498412336,-0.07815945723337184,0.250885565840686,-0.07384860425390803,0.009106757532024877,0.05848276804905116,-0.05922335913161196,-0.005501512654364145,0.06370661050339091,0.19715177750552595,-0.01718229358124533,0.039895994226031815,0.35390545900147746,0.205969665951378,0.2461418634441884,0.21187303969666715,0.09066302793309802,0.04132227333881368,-0.0826801697737091,1.1266968534070263,0.2492473953955389,0.196954309478458,0.018681724854128896,0.21392271438966606,0.06183158840703471,0.01021761459069416,0.030076974565728207,-0.06685138771144775,0.04351468335258905,-0.02947125472908595,-0.015576012236528406,-0.011641877036115212,-0.023055771153870218,-0.042359596671482216,0.4938429488274946,0.04378298914772147,-0.06585255797584823,0.05752929839435374,-0.09358437057279624,0.17416550208358422,-0.038844741706836584,0.1245058575743682,0.062254534261985475,0.14954126224946535,-0.0024486691411405533,0.001080519716308535,-0.025449396151370308,-0.08933215583915456,0.024673261371902514,-0.03105594477100303,0.26510634277483835,0.04191918968120497,-0.0611441582209094,-0.11649063331614648,0.02586321738296036,0.06666671964857554,-0.0016572799891049939,,0.0476383094579849,0.03960547116719915,0.08684793887452293,-0.011715869036564724,0.21248694952200656,0.10301790360925647,0.0004696866429756788,-0.01542353137712601,0.020769586948214125
2021-02-01,0.11316528933302746,0.21561286243918956,-0.1334303122786144,0.028208744103764068,-0.057796565716138774,0.006505093964084846,0.0800321202083167,0.013172447477301442,-0.0051544271114638,0.2701201010107779,-0.11282048673711285,0.12372706320626828,0.03711969161502677,0.2877549698770413,0.3072975081202011,0.10319917887555198,-0.08108520789058361,0.10753176519973907,0.4907062841182309,0.002611538588407866,-0.11562257533524699,-0.12304029727123705,0.0611780376543333,-0.2605704427682809,0.07854732206000094,-0.06331011782805197,0.7222222958082043,0.001961820597719347,-0.2872340483094872,-0.027228941400366927,-0.02092162527894388,0.00942049476626088,0.027626616336293756,0.09306405388713446,-0.022850744233941046,0.1873142309003689,0.5250346214171436,0.0048115047840878895,0.16601280783283906,-0.03532843280402693,0.4109289739664248,-0.09428201188132436,-0.007699888821324806,-0.32063674214880444,-0.07143548747338807,0.06751616432980953,-0.14887867207992014,0.3575935721967433,0.13349813391048904,0.08471966232989749,-0.14874046972293933,-0.07946008937184118,-0.18675180711007205,0.1571033724428565,-0.024190460689484126,0.16649399726090242,-0.08000001453218006,0.002025386523184523,0.05929493204611735,0.20766471109124104,-0.028599043588973843,0.38366465101978064,0.09904268765665426,-0.1285512957180293,0.20982144045054302,-0.02940474075435664,,-0.026750808295188545,0.17617865010167885,0.20611006000348925,0.02842552644240545,-0.09043704445649052,0.004138946964359233,0.10900093385274813,0.012133888239368687,-0.13693672621549846
2021-03-01,0.11524906449209095,-0.09542781667931033,-0.052653654069869486,0.03895742494439405,0.1608626188543306,0.15244039035907705,-0.01814737485008731,-0.09251405726650497,0.0041666445524798255,0.1647464852488123,-0.08169559833929109,-0.0892173642722063,0.10103629621439698,-0.028532527499306157,-0.19554027597964665,-0.003741811358573796,0.007339595694947677,0.048067683759475406,-0.038902683739514575,0.08856081064893602,-0.17255750090577407,-0.22632603320022146,0.08917568009536506,-0.02216209371957955,-0.11393898396423205,-0.04639131491475452,-0.009216580748085164,0.03415489640574814,-0.16119401540435455,-0.3091404476699022,-0.17470404151906252,-0.15689431101945395,0.035437917159689615,-0.13266135835223722,0.04887872611189266,-0.09419543888220312,-0.17427974196685925,0.05267357234457053,-0.13620145256594762,0.0003718630909187497,-0.19895574675479896,0.04394606451219843,-0.12299819713514144,-0.025522958692015305,-0.12650672739689006,0.08773827073764806,0.07830689445374504,0.009180522812822674,-0.04580153465644098,0.06177569656797526,-0.011206524536223169,-0.1013179653303349,0.0055610100749437655,0.03420845788507352,-0.1282776760017744,0.09221197218011534,0.012939958796530126,0.050756091378647006,-0.10590019243011983,-0.11098956000207998,-0.005489052161985288,-0.11803885154353763,-0.003107508187796393,-0.02643370320126433,-0.11715871216666725,-0.007329568405173398,,-0.10681199295292504,-0.08128571485380022,-0.2325195455802641,-0.11333614971510605,0.13130352848600638,-0.1400390215946936,-0.06546087883811218,-0.03190127720190431,0.03962970621865178
2021-04-01,0.06362815239715681,-0.031879810014135736,-0.06687332332674499,-0.031423254826317616,0.027796949543947604,-0.015470880897786915,0.07596722782066123,0.1020208058923642,0.053256395780899086,0.0015826277401014743,0.03566934050319282,-0.0810364772251575,0.04966516278987557,0.005276387314479503,-0.04194670622888549,-0.009389617969696258,0.07621780656315323,0.2096416460962948,0.28360145421720034,0.06899305479137649,0.08471228468400377,0.09181722594224444,-0.060937228517176326,0.037024211382277884,0.094564797894786,0.018612452256975828,-0.1674419151376274,0.06935650453196023,0.047449537846954166,0.05736824727445401,0.16585023736079554,0.22351776604066148,-0.05586152919087525,0.0793519698685944,-0.07766812692233688,-0.0008507150332865918,-0.13217035527642504,0.045489037191636564,0.06869408925948937,0.12066263132279448,0.13845714308822568,0.03005089042131539,0.018072344097764696,-0.01073422027361648,0.029157672329666026,0.08009124830032048,0.06673204436249536,-0.02088949451063184,0.3005714416503906,0.15392371167108668,0.062147246299470035,0.06714032961322401,0.04586863257186855,0.007692288129757613,-0.05907824731731196,0.10741783838673494,0.015585095039957834,-0.1176261190113792,0.14636214387282792,-0.16546509625721656,0.041143988071654286,0.1590454241671996,0.10310301927718467,0.04683616325051898,-0.03866247621295002,0.043563879183668136,0.03417988583434453,0.10121020401103034,-0.10347151369745837,-0.033187778071349414,0.1271588714664182,0.045836842771834516,-0.005353422686540342,0.08009394045603721,-0.015699886636955016,0.044101362263047485
