,PYPL,AKAM,YELP,PI,AAPL,ZM,ESTC,STX,BABA,TEAM,JWN,DOCU,TRVG,VG,MSTR,DDOG,SSTK,ERIC,MDLA,MELI,TWLO,OKTA,CIEN,ACN,PLTR,ORCL,NTAP,CTXS,CSCO,ADSK,QIWI,BB,SLAB,SHOP,HUBS,V,SPOT,FVRR,WORK,PINS,SPLK,ZBRA,TDC,EPAM,NFLX,BIGC,DOCN,ADBE,QCOM,VMW,DASH,TWTR,ABNB,NTNX,ASAN,FTNT,REAL,AMZN,BIDU,BAH,EB,TU,EXTR,TSLA,NEWR,FEYE,INTU,W,RXT,CARG,UIS,CERN,TRUE,WIX,GRPN,ZEN
2016-05-01,,,,,,,,-0.004250329690305691,0.01219813856887849,,0.009329839887969593,,,0.028628064791246913,,,-2.959821776945786e-05,,,-0.015720201155539053,,,,,,0.03835565618616749,,,-0.02989275399829732,0.018156493514571187,-0.03206554526032254,,,0.01563704240792936,0.049706283529249405,,,,,,,,,,-0.019633209468364773,,,,,,,,,,,,,-0.00214915751906947,,,,0.007447150180344335,,,,,0.014072265633527996,-0.032857761747672694,,,,0.03760480376286068,0.02615362195487016,0.01465218270599778,-0.00012968840162545594,0.006594446731508081
2016-06-01,,,,,,,,-0.00652194369817794,0.010250796370033179,,-0.003963494016606538,,,0.00013810058161089895,,,0.04074876716273991,,,-0.00036989019088248527,,,,,,0.021455212613147638,,,0.013386217995875919,0.018130043582422015,-0.030571615632783534,,,0.023507348229609676,0.008019060539786026,,,,,,,,,,0.025365613427459004,,,,,,,,,,,,,0.05536567321467967,,,,-0.01805712924403701,,,,,0.014832983407433109,-0.017672223166052645,,,,0.01539522933180266,0.014232704936124715,-0.0007354599813824692,0.043250813685248544,-0.0008671451466558632
2016-07-01,,,,,,,,0.0009489404697243883,-0.012999783657248149,-0.014790071350953497,-0.012356213604424054,,,-0.0365212292187823,,,0.0010199521763676667,,,-0.029148025129581003,,,,,,-0.0451331043798809,,,-0.0028452484549360674,0.03940165187297211,-0.10270804700987358,,,-0.0050436046955723325,-0.06295712352839686,,,,,,,,,,-0.015947538435869633,,,,,,,,,,,,,0.03804698843731519,,,,-0.04849602013411054,,,,,-0.025427538738418475,-0.06484156680993146,,,,-0.00934274161620736,-0.013995427585553525,-0.0026031546849270082,-0.021005885486625138,-0.03444498003900612
2016-08-01,,,,,,,,-0.010434870812223052,0.02077150221191488,0.022673964549757158,-0.020370503432338413,,,0.018757779718635653,,,-0.025853287760218547,,,0.011365793689975959,,,,,,-0.02156512740420223,,,-0.036447259330830144,0.010792498076095397,-0.04037364650886644,,,0.011300155001286036,-0.02002777843893704,,,,,,,,,,-0.0031165419094960596,,,,,,,,,,,,,0.022232123275064023,,,,-0.05773800566644007,,,,,-0.02714641829740217,0.008981923094153835,,,,-0.018995098543003398,-0.013638597009436903,0.01321111872074978,-0.008179039234055628,0.01384480045148164
2016-09-01,,,,,,,,0.013634336489782819,0.027145507131462642,0.016319047751277096,-0.01851442452159903,,,-0.0032648185247729396,,,-0.04531588953180761,,,-0.0014524471386961164,,,,,,0.0072153888426425925,,,-0.02939573818357783,0.039919704878398896,0.01278222115763836,,,0.04006936688397924,0.03195339893167856,,,,,,,,,,0.01391549679815771,,,,,,,,,,,,,0.025861712096119368,,,,-0.011062678500724631,,,,,0.04300166449583689,0.0007520255587507202,,,,0.02250938029780388,-0.01810170414577664,0.027902530178284268,0.010399109769790617,-0.012312649918878633
2016-10-01,,,,,,,,-0.05799968122493636,0.029726973259439706,0.02157114010233579,0.04680022256033993,,,0.017096408035611806,,,-0.003517204935462606,,,-0.02029763612792199,,,,,,0.058466609315916664,,,0.008544244025103101,0.05902885183604609,-0.005661869752412914,,,0.03141055492084322,-0.022742376061564873,,,,,,,,,,0.004916709981233894,,,,,,,,,,,,,0.029129885216669735,,,,0.0513211203435803,,,,,-0.0011262676310438981,0.0005057277728355619,,,,0.031417615628760484,0.02366625456896596,0.04623639374206481,0.04943802100786891,-0.03272519984334803
2016-11-01,,,,,,,,-0.06510790108136284,-0.028728482957130628,0.02696560721069047,0.04771281851732157,,,0.02438931426357568,,,-0.01992382926090533,,,-0.024824270182308584,,,,,,0.047046227618695084,,,-0.012508649701518904,0.07629936234931241,0.0009979702121039658,,,0.031231881665029892,-0.050639119613612824,,,,,,,,,,-0.015365703790735754,,,,,,,,,,,,,-0.0015180004655577408,,,,0.07701698333840838,,,,,-0.0072736592224024845,-0.008068208800915746,,,,0.007372806684273085,-0.011591714113568996,-0.013303006034395515,0.08632422203369641,-0.03229684295702885
2016-12-01,,,,,,,,-0.0433806263887111,-0.028520654762391306,-0.033252515893374135,0.034835221641711746,,,0.003211760777285287,,,0.0785977325359932,,,-0.04927851054845564,,,,,,0.014196166808618373,,,-0.0075047465644193685,0.009034062708056862,0.0255404506202885,,,0.008427405108299625,-0.05477846848151985,,,,,,,,,,0.002152954779450646,,,,,,,,,,,,,0.022551017359441938,,,,0.01884241544639226,,,,,0.05817214013139219,-0.05548570389122598,,,,0.08756304614214575,0.03563538240354668,0.009644967600997008,0.011395045949614642,0.0451263022444214
2017-01-01,,,,,,,,0.0024638643513885186,0.08077929560756372,-0.02549691845252998,0.024876249563347056,,,-0.02067275936730737,,,0.03517641825107758,,,-0.0405880824008479,0.03223387347073584,,,,,0.029379927603435635,,,-0.021991537858489132,-0.013937067188081236,0.03566824358607687,,,0.0203008905853756,-0.04197722023589844,,,,,,,,,,-0.002517447885244955,,,,,,,,,,,,,0.03976213057066221,,,,0.021308356037432547,,,,,-0.004934141438149961,-0.00862586781210189,,,,0.03493620566536792,0.03123274491686976,0.046552275488611156,0.0014493162570695887,0.00911200493506513
2017-02-01,,,,,,,,0.0025490817708532943,0.03774544264871667,0.06546988670508061,0.03871212152028723,,,0.09554414720106218,,,0.04177679056053674,,,-0.033653168139940154,0.01780606619176146,,,,,0.04700264867755327,,,0.057638908771480146,0.04345479266491502,0.026409557202077313,,,0.019784477228877984,0.013056201610129794,,,,,,,,,,0.028172284067336305,,,,,,,,,,,,,0.0630297965832484,,,,0.03344012097566138,,,,,0.04559601141608091,0.03730629535727198,,,,0.03146235342018104,0.05998969119692149,0.06114755754668432,0.016022319805243726,0.0550528848082595
2017-03-01,,,,,,,,-0.01791140422544437,0.050659914734404385,0.04530113497610161,0.026192384227463082,,,0.04869692888389045,,,0.023118788316674462,,,-0.0038926704116783134,0.04429602182647277,,,,,0.04129637382932965,,,0.0276787775273801,0.059217356197218206,0.03351408580125509,,,0.04723551133503825,0.011448330812947003,,,,,,,,,,0.027368624977501668,,,,,,,,,,,,,0.022405513419483963,,,,0.02279578974696315,,,,,0.04506261462251732,0.04622199588173725,,,,0.04095640042444338,0.05256683691590116,0.059373383393344685,0.004421763901291775,0.0406740520158297
2017-04-01,,,,,,,,-0.0434149286049307,0.04293842594932909,0.017665603342555923,0.007837863937869232,,,0.058627236414841785,,,0.01988259797714568,,,0.01078589088745716,0.030245025275705398,,,,,0.047135370450963554,,,0.029199441642769143,0.006412520039337505,-0.018925102004368134,,,0.03986278151369396,0.03970448834316358,,,,,,,,,,0.03258747890197614,,,,,,,,,0.006550591154441113,,,,0.0439128468916701,,,,0.004239295992621558,,,,,0.04224546037292743,0.04864892913795692,,,,0.07736602156055979,0.03602824332193767,0.07581869627395424,-0.021922622567305327,0.020891820455088316
2017-05-01,,,,,,,,0.00458781083901721,0.0001907450232359372,0.05004477519716542,0.02024620419722415,,,0.04040564930662059,,,0.017433891036933147,,,-0.00043877398356524823,0.0358017213802139,,,,,0.053861660471993984,,,0.03682147313445019,0.03473723885607496,0.013409615403151156,,,0.032667497061371065,0.03322144478865954,,,,,,,,,,0.030039610432968957,,,,,,,,,0.012184001224191927,,,,0.019188312249316105,,,,0.03246133770105035,,,,,0.03628354942394321,0.04205735570275158,,,,0.051981934965901554,0.03933303514574056,0.058794531799508894,-0.019735550193024715,-0.014439006747889463
2017-06-01,,,,,,,,0.013446431505342884,-0.0028110943141108303,0.026152291716730284,0.0030306928601753443,,,0.029781259867497113,,,0.03589776884660063,,,-0.008546772821352583,0.05255057534772691,,,,,0.06379107617878924,,,0.04590124961859758,0.02734411396236333,-0.007358312179073234,,,0.05314085834278602,0.03258267811222655,,,,,,,,,,0.029738269131559476,,,,,,,,,0.013799938107720677,,,,0.009838083416572042,,,,0.008060443348921491,,,,,0.05285477973276604,0.02491177739688413,,,,0.05355431388727944,0.018807296460550724,0.04562231231077389,0.004273994836121094,0.009909064062264829
2017-07-01,,,,,,,,0.02705345980273323,0.0020184070155376634,0.01865925675841272,0.060253120976408316,,0.03485453172200663,0.014736424093911205,,,0.03223677121674825,,,0.026967188035744653,0.05235489582412617,,,,,0.042412311460282126,,,0.02004548950006963,0.028556487688702246,-0.0023611976658791008,,,0.044191367485179205,0.008608824595975492,,,,,,,,,,0.01488281032311739,,,,,,,,,0.02476768670636606,,,,0.001067943371064711,,,,0.02603722739665873,,,,,0.043660948728102084,0.0041574983246989074,,,,0.05074678790676004,-0.003112469767378079,0.04296345521479675,0.04941500241660538,0.011321271197356247
2017-08-01,,,,,,,,0.012173327530607687,0.012433077637608408,0.033621118724876484,0.031367131265996655,,0.03975186883634378,0.0366170383964219,,,0.03765110445877375,,,0.025380082914241354,0.04197935769273885,,,,,0.04005732674617048,,,0.03176738689885446,0.01286976249264896,0.03205142643362327,,,0.030309947596086077,0.013874113832816046,,,,,,,,,,0.013614739644478825,,,,,,,,,0.03563784746220151,,,,0.017446523894579093,,,,0.030857092822285243,,,,,0.03813927147901178,0.016211501574522783,,,,0.05487130124232968,0.0070239828612604985,0.04874485236416744,0.041451868384172794,0.03507785378213772
2017-09-01,,,,,,,,0.03232130533454049,0.01914173712224386,0.0446802753974211,0.0006844065410557799,,0.05765411607864218,0.029154323290673034,,,0.046047222996895856,,,0.025207515777996344,0.03367583234554428,,,,,0.006958751754372787,,,0.023871679168630977,0.02839088291271634,0.04079480441691426,,,0.07624999781687256,0.038820754458257126,,,,,,,,,,0.016755526333848535,,,,,,,,,0.004023457148666408,,,,0.03964310351348618,,,,0.06663162897235574,,,,,0.007193263629809662,-0.012224524717925107,,,,0.004373859189170219,0.03410243868204734,0.05577456612806265,0.02516019847274648,0.03061812085763254
2017-10-01,,,,,,,,-0.0022047086159683407,0.0335341944346395,0.05132529258624853,0.005918928314445694,,0.04558694100316028,0.02659845991602498,,,0.054965231434302715,,,0.06016696952303863,0.016645721095208708,,,,,0.05393001254483144,,,0.03754261837023256,0.04119430923107886,0.022316987978194192,,,0.041667264039997085,0.015261945733492386,,,,,,,,,,0.01001125420603461,,,,,,,,,0.012020437589082904,,,,0.02603151603735135,,,,0.022651657671904107,,,,,0.010468612695629613,0.005780550776283462,,,,0.011790619577462642,0.02292366366143987,0.06705061292433172,0.043466932269071716,0.05262360199084629
2017-11-01,0.022244919437782222,,,,0.011327202276860493,,,0.023895734239055853,0.05005219155129173,0.07233163693021914,0.017274686144712555,,0.011766024291726889,0.04346964055134361,,,0.03582070939753859,0.026176615092421023,,0.03441444238099297,0.01946167071331424,0.048204282189903795,,,,0.06756390666714161,,,0.04479638792970016,0.05339602188792531,0.025357624995962533,,,0.045831982385429536,-0.023119507867498664,-0.0013413719159799092,,,,,0.01815543296469675,,,,0.010957683064579499,,,0.01119416278075252,,,,,,0.04318298505824854,,,,0.08267135339682227,,,,0.05073407250367297,,,0.010329220966150686,,0.018225943206825027,-0.008730281710445762,,,,-0.003912949968291463,0.031237462583464562,0.08288457438881962,0.0355235336897735,0.059394007031339215
2017-12-01,0.019903729394129807,,,,0.02040014515889859,,,0.002371233424542298,0.03766139723702094,0.05539241002761822,0.038185595246745294,,0.013344949059392845,0.015268733786061882,,,0.0293260602148792,0.05745348734536305,,0.016852832600915368,0.005961413109777587,0.02881355707869331,,,,0.031540074847950496,,,0.02246555970492288,0.023688221829182822,0.00014820918373644072,,,0.04138879002825809,0.02868663516836857,-0.033342496748840114,,,,,0.02388352002869232,,,,0.016956854779222937,,,0.0008622941219361397,,,,,,0.03707189950095338,,,,0.034080215480569366,,,,0.010458726565231122,,,0.01219779570741073,,0.025018189447122186,0.04043134169257672,,,,-0.008933980529308737,-0.006215541127778077,0.048454655469868116,0.013915219500453949,0.01775273825340413
2018-01-01,0.007458651911673434,,,,0.026808908068459526,,,-0.025806154447390074,0.04756294913266224,0.023443262437586956,0.01088313304267667,,-0.004502884926972844,0.009503124236540688,,,0.001972849040603018,0.06009950690985554,,0.010610296549857994,0.016702393439771656,0.008891519261376912,,,,0.0013431214889807962,,,0.011343432748487372,0.03099801638500619,-0.04833774834232495,,,0.050265573297316256,-0.018126281338565763,-0.030158080821864622,,,,,0.02157313567668422,,,,0.0071199618483904084,,,0.013620981186937255,,,,,,0.03467849974895669,,,,-0.018252465530198228,,,,-0.029905315532290307,,,0.048714069380356564,,0.046969620596676885,0.0278361200550959,,,,-0.0016306088694796807,-0.009012338954786816,0.017668403006437725,-0.0018184118598441926,0.01759206817441837
2018-02-01,-0.01587708745020253,,,,0.021225911931412243,,,0.014545118323885076,0.031065758338630345,0.007589728031449592,0.04776198327283893,,0.04592221495384182,0.06323761313722863,,,0.03738288832796152,0.023916116050890654,,0.0013181244786227397,0.002217978643277974,0.07712858261393943,,,,0.02851369941257387,,,0.016700882842500816,0.0016155876264525044,-0.003906921954144439,,,0.003612519440343621,0.0025174065131247396,0.024269547761371562,,,,,0.019056581552109108,,,,0.012947113927621389,,,0.034078828068950885,,,,,,0.013668773128410663,,,,0.013865921221596687,,,,-0.012585953901554828,,,-0.004123464544190058,,-0.012742231825128854,-0.031060958431577797,,,,0.07204685894192307,0.0166042120653783,0.04875165575735248,0.016595918781694377,-0.00311208244809456
2018-03-01,0.017891666753196925,,,,0.030024729788872554,,,0.008395904836361913,0.012758222632338077,0.010409226520313272,0.017855343073352955,,0.06018070214300602,0.014836340735036894,,,0.012358483451585583,0.023433878861511125,,0.019410135024190804,0.03464483274677765,0.03907756848012907,,,,0.03371634380243145,,,0.02480395160559734,0.02241173892829678,0.020645129997995802,,,0.018673743259404702,0.032230273132833734,0.009507663114794179,,,,,0.040289400038277655,,,,0.02573969277131043,,,0.01380439539038221,,,,,,0.01127148948125743,,,,0.01987695424958447,,,,0.012456868199386413,,,0.0574148736903163,,0.010677953986115213,0.01454420309089723,,,,0.017607417612218516,-0.025427979833584732,0.012533827698318895,0.007431027878052499,0.021595662054401717
2018-04-01,0.026062118690621063,,,,0.018285323414240055,,,0.008210538535611496,0.05721240949334448,0.025681476508941627,0.009221620482006409,,0.02104370424388796,0.02930232845482542,,,0.01954465768399717,0.01769868046846933,,0.04684741943546513,-0.004745969267138871,0.023782628750790114,,,,0.02520018520147628,,,0.03839721328471939,0.02171728272136096,0.03536547868640547,,,0.012012052636564163,0.04691915693057447,0.03301617263379473,,,,,0.017813042141441207,,,,0.013309129087656859,,,0.02105281633530506,,,,,,0.04024836479952443,,,,0.022161453662799663,,,,0.01702304592567255,,,0.009178498660433982,,0.02862807834539115,0.03346728572810181,,,,0.03363847846327542,0.03517989261178246,0.040722225268082876,0.012430308504682583,0.02656724931774181
2018-05-01,0.04593562452223615,,,,0.07698223924438866,,,0.022334457068582756,0.04453173460369893,0.02927265972371644,0.023311962959583217,,0.016694079359163342,0.0038398125753769546,,,0.012050379794356043,0.027564603149180366,,0.024762633985668164,0.01030682673489056,0.022559974907237684,,,,0.07873775489112982,,,0.029993873335820605,0.0485707447429641,-0.011266169801733263,,,0.021225025138755117,0.03929899793835877,0.030874067183612332,,,,,0.032169223075941965,,,,0.0933465723796393,,,0.02713143943025042,,,,,,0.03553936213199062,,,,0.06484624733223257,,,,0.07345663308081352,,,-0.009132685578981437,,0.04430561849148586,0.014061988597294222,,0.006167506606126958,,0.04622617352515626,0.08933450061417536,0.03330587852736048,-0.05024670106237258,0.0011824393785032131
2018-06-01,0.02097490997159141,,,,0.030179538454969866,,,-0.0009665194460757513,0.03369602103365998,0.03547087130849553,0.01819712387595588,,0.01012613143922598,0.029651851478585574,,,0.018869097994987743,0.022625270118692867,,0.053744418946029354,0.032252835172260304,0.021652670687497096,,,,0.026301684926884217,,,0.01306329395988752,0.03198638447979383,0.030397958642836995,,,0.02855251573201123,0.016290180032878708,-0.004678345560497288,,,,,0.040727960790374745,,,,0.028505488023922863,,,0.030452308249498624,,,,,,0.020599716874631194,,,,0.045055280043972815,,,,0.03216089672613647,,,0.05294027430738177,,0.03732887585115176,0.013246207778706297,,0.02323286666097156,,0.016499587622623005,0.02244530824210782,0.017257998587767574,-0.0031321595752579635,0.017839010424637383
2018-07-01,0.01935796931763429,,,,0.0668527869209915,,,0.012173946024335362,0.052329765979759746,0.02236726062155181,0.035510351368413955,,0.0302024992209951,0.05416667639457032,,,0.047737160219404634,0.024034046193091407,,0.047575088854466714,0.04014813910018369,0.03837610899388175,,,,0.06257249705362844,,,0.02969380808263127,0.0122969202938616,0.04412447641036408,,,0.04463388887212894,0.03253232097056617,-0.004343330392148387,,,,,0.043082873539280635,,,,0.04806204095399815,,,0.039308942069606584,,,,,,0.03270265436940168,,,,0.05096457459559551,,,,0.026737508477415205,,,0.0350413495456634,,0.04139560484522622,0.015638459717181915,,0.059084754901656364,,0.03162303076021801,0.03675471169984108,0.03417296473556079,0.011214177694731466,0.06440652887387419
2018-08-01,0.03650445665250454,,,,0.039065164011064475,,,0.03762299816477596,0.025080862308820447,0.0821013265522696,0.015364760369957323,,0.02175892478222877,0.05155215285177393,,,0.04416925451444567,0.014186075310262029,,0.07722046360977754,0.030279448675099796,0.055042630194525856,,,,0.02232449485332567,,,0.018376770374126317,0.029192938740575998,0.07059501378178983,,,0.08906030551817336,0.020563774101351604,0.024236300603058727,,,,,0.08735093939100809,,,,0.03539628165305204,,,0.0773825693140208,,,,,,0.057921831044712914,,,,0.01854222023576479,,,,0.02538344328258808,,,0.07289237104956013,,0.054320913223770306,-0.009634108020389122,,0.04406178948889949,,0.0006658907806877534,0.030245139679467403,0.04882587737689075,0.0644629536569366,0.03961574350081494
2018-09-01,0.021515783514152034,,,,0.02097542238836748,,,0.04820177816130336,0.027724542516112692,0.016653962035659223,0.04244249891034762,,0.04260424487856049,0.029622111302340635,,,0.04341827301304912,0.028894740442561028,,0.04550675509245397,0.016096084193355436,0.03387577966584888,,,,0.052122459536247556,,,0.027156669351629137,0.03429198993567334,0.04958517757380411,,,0.0398738162777166,0.015222120180572446,0.008557464609964724,,,,,0.05507991969658034,,,,0.0269473136622389,,,0.05136181370611761,,,,,,0.07824738399707154,,,,0.03619118346511618,,,,0.02119247225266529,,,0.029488721094788155,,0.05288594806581782,0.022143501441368837,,0.04425176148570962,,0.049120097542128476,0.04455563908957534,0.025192902940448347,0.004635743734716429,0.07687320345822095
2018-10-01,0.019494288762851107,,,,-0.003101981387171332,,,0.06324107080529133,0.028902777772034906,0.05661502800015224,0.035061177964605596,,0.019742601315174624,0.03544807106056811,,,0.022761518875911442,0.04398335457599134,,0.0456891815215914,0.043688114374044976,0.027354005135331337,,,,0.036057822881941044,,,0.023652223701484766,0.035348770144492024,0.045091626746185574,,,0.018689135122830363,0.05609741638918995,0.04288260701469713,,,,,0.018810819414238775,,,,0.009642198156480937,,,0.04140093593522488,,,,,,0.03659734632855334,,,,0.04275679720249533,,,,0.055228454147611544,,,0.03611736638045642,,0.048242753351946804,0.053282479383972896,,0.046371368429865195,,0.06347920329229362,0.045915563070343515,0.06669112726269823,0.045095312231894315,0.022519760512246658
2018-11-01,0.047115499715570476,,,,0.013520886177317212,,,0.011223242910421618,0.06690609061234362,0.041686480423489644,0.022289125177281762,0.02428929985411056,0.07439673188480717,0.028318709575142476,,,0.006995334713439157,0.06309875842189364,,0.050546211086440994,0.03121119801207427,0.034474320787388206,,,,0.05687548475506109,,,0.02501863300523278,0.04076166896008866,0.06251393228271425,,,0.045650506832334174,0.031520709561140274,0.02193439697207948,,,,,0.03824469368584653,,,,0.011646835934100841,,,0.029774066849373386,,,,,,0.03987587127457212,,,,0.0518866142490338,,,,0.034513539611304045,,,0.06756010950577308,,0.015882427836654257,0.051730259315660145,,-0.00032218309442309085,,0.027298117199484592,0.039347918997938124,0.03954440830786476,0.029921937467195573,0.03422206975894343
2018-12-01,0.024443617003977056,,,,-0.0035899966237447688,,,0.02240208716340788,0.06745201594297068,0.049095167375310556,0.04627731892266214,0.02455934320391232,0.045052831657471364,0.012357860014954404,,,0.0270165540019358,0.012769517633803124,,0.0160029361416611,0.04509428334505621,0.03642008071707452,,,,0.07166737960288998,,,0.04336893700081646,0.06244425105515687,0.05537122304553436,,,0.02926632980998881,0.021063914771649442,0.015999597322243157,,,,,0.04681673483704416,,,,-0.02019622506877782,,,0.047272925972169026,,,,,,0.021462273991900684,,,,0.030836552467261497,,,,0.04656849109667001,,,0.04932201037137617,,0.010683073961790216,0.049185150397783574,,0.030174267269301534,,0.023579952262889687,0.03929174770386476,0.023224968075963918,0.020579987769573593,0.063685078554018
2019-01-01,0.012733611954128754,,,,0.0795869587546544,,,0.08909841992165732,0.06430862743507869,0.06052248838188237,0.0665100617137379,0.0443444305665088,0.02636505937903838,0.07928972032886016,,,0.05418382540402341,0.05495696589372581,,0.05209448337354343,0.049102861663413655,0.042632250385440974,,,,0.056089208516549624,,,0.0831337267962715,0.04937594580551314,0.08810747092973098,,,0.06790454073734359,0.014836049510032041,0.06486776081225645,,,,,0.06776099401220209,,,,0.024451375506362383,,,0.06707014326323678,,,,,,0.06025280155115742,,,,0.08761770496763457,,,,0.01007215697438428,,,0.06936695869191829,,0.010573881661499583,0.05470173554331648,,0.027090026595993032,,0.06136782147497449,0.03806047590585002,0.006208717173784083,0.06318466764251163,0.044835247128401305
2019-02-01,0.014841734667629678,,,,0.057000930411495856,,,0.03075895605192782,0.05986345202953098,0.024531264523288243,0.032225497374691624,0.03823277793054178,0.01723452832805455,0.03233079211894091,,,0.006691031748817321,0.03419391434545203,,0.021347200639201286,0.06257678055527964,0.03239314046573066,,,,0.025153281351627258,,,0.03823928991457435,0.03389344744103106,0.07963887857957606,,,0.03609226183195203,0.0484869365490879,0.011331234467592077,,,,,0.07640945626496788,,,,0.02352117207850424,,,0.02712756178020077,,,,,,0.05262423498811461,,,,0.06776225426296169,,,,0.04215437163848766,,,0.026505064646809035,,0.042573295821999445,0.039461129415536055,,0.01886300780600964,,0.04659648307002052,0.02659554836068712,0.0505694095407538,0.03955963394215665,0.020704313317364477
2019-03-01,0.10737844314363616,,,,0.02540031795671628,,,-0.03480544215101688,0.054898257196056566,0.0303982776067825,0.02598694660603687,0.0585469387280923,0.056390272789794985,0.044089748450298234,,,0.11326626282182976,0.056343552146147086,,0.006549161719282755,0.03622874621587449,0.007633898442228417,,,,-0.030321540163720503,,,-0.0013564594309558853,0.0039171791833612765,0.057129976007210266,,,0.030026084808122397,0.004562548299003471,0.031271856843109506,,,,,7.69873144291424e-05,,,,0.13144321018606492,,,0.01760405829765657,,,,,,0.06080540345857575,,,,0.07521125602721415,,,,0.07866703633555941,,,0.007789179482648822,,0.0677058516213893,0.04513776293322722,,0.04718397840040039,,-0.0033421300021895073,0.04899014762320483,-0.015064784605864972,0.06428240239611296,0.02836832110519197
2019-04-01,0.06373359716002899,,,,0.016068829239068418,,,0.02392005071049532,0.03281219660020552,0.011262666256343347,0.04012141535917248,0.007477593116369188,0.003060780615814227,0.02302104703362514,,,0.02297041696430949,-0.0017085296816987587,,0.005118310338489446,0.009130573788318396,0.007835857672155154,,,,0.037069490498147874,,,-0.003465512750116714,0.05853463642262648,0.020935552759797787,,,-0.0006876703992491408,0.013633719044179982,0.013972784442232709,,,,,-0.017056082949569073,,,,0.03837696549890243,,,0.04078411840788337,,,,,,0.02333597912670131,,,,0.0466619564618386,,,0.0032861394165864272,-0.0011703072930835234,,,0.030821758134144873,,0.049715236329804104,0.06550847188818086,,0.0008849638577544083,,0.03497652090179157,-0.005514442033577126,0.005384881056441998,0.07059345532291485,0.051959451289731715
2019-05-01,0.022391137776003232,,,,0.04715604417062398,,0.06406682403011656,0.02201688916403909,0.06082805854482463,0.06062014416263108,0.03291884879422978,0.040200329571725854,0.010490454772253884,0.03815458849317365,,,0.017448647507750204,0.08528975899638828,,0.039750079419033205,0.0404424097254838,0.05314269641596524,,,,0.005843145146159332,,,0.04965211118282714,0.045117945368190304,0.06526210774994959,,,0.03467280234736064,0.057075650815703344,0.029137653304961087,,,,,0.0657681666957206,,,,0.07229267339139325,,,0.03854379336644511,,,,,,0.025789004154587326,,,,0.051107725109391475,,,0.05079032548391177,0.02614674925041329,,,0.054078398920207923,,0.04867991056633632,0.0026135094320604126,,0.02703384504630609,,0.03077142440211716,0.04357864136600026,0.042884526560671016,0.06725847269504769,0.007645046545630748
2019-06-01,0.03600061865575787,,,,0.01259686350878082,,0.016845107848843438,0.013518735332502519,0.009397857444419629,0.030207482016462422,0.003903718079826432,0.06099404632471056,-0.011555582170173455,-0.01158822112686829,,,0.004912342717778316,0.026006330930504765,,0.010550661044522496,0.01721540409590871,0.007503178602638232,,,,0.0011977332225106697,,,0.031754957376771115,0.021044673962621222,0.021931318155296305,,,0.010900290264191807,-0.002194429866472597,0.0018298071699135326,,,,,0.027012808263653237,,,,0.017127920540276103,,,0.01929260829321796,,,,,,0.007068871973063886,,,,-0.0147071000861683,,,0.00755510119387565,0.011864854930637624,,,0.026908189727819103,,0.01568862025652848,-0.019399270668143065,,0.007428075485636947,,0.0011549440122062187,-0.005696439435519601,0.026946460114617543,0.024484476429747364,0.008575214736457348
2019-07-01,0.03239213101268923,,,,0.02595383437881016,,0.03812439651709402,0.013196519550857376,0.05560517449781401,0.02030540147735763,0.08938385368899421,-0.01878600470813308,0.05398494485601799,-0.002971996308918022,,,0.05745928246515932,0.07319914569004593,,0.054759511291893735,0.038006148781217886,0.009544830082090993,,,,0.0100290200427567,,,0.05297915162149339,0.021397825953433838,0.0143963135566319,,,0.0029555316000075093,0.004566083116612999,0.03519901618485713,,,,,0.03753745719047142,,,,0.017882285934662727,,,-0.0002566150704620064,,,,,,-0.0043873494689867475,,,,0.0603536412691902,,,0.06823103695593247,0.04882879988764222,,,0.013939953775627852,,0.034035902078955606,0.009673678672140282,,-0.0028652354531367675,,0.09555794801225768,0.01620902227919695,0.05745916983607755,-0.0015534251437230582,0.05379357294686072
2019-08-01,0.004495384948111889,,,,0.028537577389622964,,0.03731325907549934,0.04729080092467045,0.02870469605365038,0.03599833929310689,0.03485212572107911,0.01438566932301962,0.029737467276761513,0.03156004831837873,,,0.02211140943312209,0.04064523535684186,,0.06048933923570794,0.029853056928417835,0.06290244730936471,,,,0.03813062114273107,,,0.03926254521332615,0.0307593645646282,0.008569886106618942,,,0.04300005403844488,0.023724653152685328,-0.000921527673768264,,,,,0.03206969263236088,,,,0.05433764250797362,,,0.054845390282197586,,,,,,0.05012237071870941,,,,0.06796692031565521,,,0.06585290431207436,0.022172548339591633,,,0.04322374065882974,,0.040028555364418746,0.042274958212633836,,0.07589197654773641,,0.0024035864921385618,0.006133883909078107,0.04549719047146525,0.02043273026912275,0.028111982034329883
2019-09-01,0.02375665977856423,,,,-0.008278715478854169,,0.03298102981706164,0.024459055213756072,0.00041898660712534673,0.022234851806733555,0.009045119556343769,0.04640332603191025,0.007403687547710359,0.042903665489517066,,,0.03149947255116664,-0.012760931418803355,,0.047496089163945036,-0.0007959899010549804,0.027747467455764875,,,,0.007986841035545528,,,-0.0008913320114036911,0.002182089179567404,0.049453454976648124,,,0.042230809625235184,0.03968655798874668,0.00747076111956022,,,,,0.10070249796882473,,,,0.02968082009119809,,,0.02664836712208716,,,,,,0.03291785150738658,,,,0.03178685509540725,,,0.016244136811583834,0.01564282631611623,,,0.017377197392696383,,0.028851471732119206,-0.0015303980160109665,,0.04793571844763331,,0.038381653538561274,-0.005553852273873808,0.015481793485890181,0.05996842350395228,0.05627966800368821
2019-10-01,0.08388768769856086,,,,0.02729666238759033,,0.06408628713313684,0.032940023924233855,0.026942190553209216,0.03292134868170692,0.07384422564290193,0.030355522653310665,0.050605322301847,0.020686686169383243,,,0.05477175419686073,-0.010946622414672735,,0.013967979061135385,0.07775741034822756,0.032866391989065845,,,,0.009230644791628596,,,0.08398923648100032,0.09144494836341345,0.05625820887987616,,,0.04766141398398095,0.021753531739983324,0.019333884299955827,,,,,0.054470783223459635,,,,0.023441225120109516,,,0.03709762868064181,,,,,,0.015365915996033479,,,,0.025159935736895025,,,0.013587557644730852,0.06274320937144781,,,0.037486362692844624,,0.005172109029892076,0.07205426572644631,,0.00937521663817322,,0.05300529762729697,0.03350012461794091,0.04744252996959236,0.05805302103678775,0.05653027264412944
2019-11-01,0.010382364708641111,,,,0.016152121604209712,,-0.0009986310888753399,0.013865361757473032,0.04933551037611926,0.007808031812152731,0.021232925720062648,0.019433989704421995,0.02520737082963415,0.017077199660392804,,,0.015013796493500587,-0.010081683438744814,,0.03110871403934531,0.004650912743326728,0.003666316918841966,,,,0.004920116621073646,,,0.005106029898799729,0.030023921206454432,0.018507175851757634,,,0.012125238134480727,0.05855435408907238,0.011668502522431427,,,,-0.001577680372463706,0.00954323120778638,,,,0.01033438562071267,,,0.03300650181571869,,,,,,0.02885300408209066,,,,0.03278375019880771,,,0.0097281956286379,0.016280237417994132,,,0.03085973975166684,,0.011953574515476507,0.0365951828297876,,0.04752907843399798,,0.0021427756076273677,0.02226975290706524,0.03807335266825471,0.014239409169655057,0.01905555892384851
2019-12-01,0.0018709686396946015,,,,-0.012207209900403491,,0.003009157982953019,0.01664473748695184,0.036420998827827615,0.017137073841218795,0.013845970690314475,0.02081928091508008,-0.02134756287677242,0.01896023295465323,,,-0.008920263479360199,0.014120510932435205,,0.030647609584757984,0.04352996122268382,0.004807255663474916,,,,0.02184408932891092,,,-0.002311317185864371,0.024150748293079928,-0.016457401702784303,,,0.017202234997098397,0.05071073489082209,0.003632992878517336,,,,0.004391585275328265,0.006156134370330022,,,,0.01851302863209386,,,0.004826480434552408,,,,,,-0.010075753143310889,,,,-0.013179674970692935,,,0.031590556303861046,0.025340179537295473,,,0.034285531308794685,,0.009482309765245967,0.030237877340130434,,0.03888797064870098,,0.04177862605919905,-0.0016989310432747621,-0.012610628654297068,-0.021651154893432164,0.016763838710315282
2020-01-01,0.034681666130519456,,,,0.05939919984552842,,0.09296674649493192,0.03193074971076415,0.0049159402481492006,0.06556768555342056,0.02838686344098221,0.050997332214294325,0.012753373084282088,0.004836483693624303,,,0.024079638640482334,0.019179884592746676,,0.025382268315663002,0.05837627050896232,0.06609977108437919,,,,0.030165118361092834,,,0.053122548747177735,0.03206134046183889,0.015269618263759865,,,0.07675885686248518,0.02360450658571008,0.03989122470168731,,-0.022675294407850682,0.046293214829509245,0.05660120468307496,0.0763309013789612,,,,0.03668540735575712,,,0.06679122300597988,,,,,,0.01734647311104483,,,-0.0004635340840536288,0.03289686685234546,,,-0.005800296190432761,0.04041864943900363,,,-0.013823423471294073,,0.061968361459961,0.043593615196521995,,0.0203943674143216,,0.03318642646774876,0.0008148939506615475,-0.0043344854765752245,0.03267761933159846,0.018853745090079303
2020-02-01,-0.0036378913337036605,,,,0.06055251780294393,,-0.026160774208464074,0.03110257689282716,0.015241684653143796,0.036397146473813514,0.0449336803720151,0.016112688438364026,0.029664761212009276,0.011198328036863032,,,0.03582343165989212,-0.014436799181107914,-0.0476409150478554,-0.018567569915216207,-0.002214060747335767,0.00787044454402014,,,,0.034156557463847353,,,0.03028450277721367,0.0669183694943428,0.013203706864797106,,,-0.014042627561429417,-0.003871886993361016,-0.0036425260216581055,,0.011637060963965733,0.0020098878378212136,0.012619889226306337,0.031567484373099544,,,,0.021326158138634983,,,0.05352532793274909,,,,,,0.044812322364574,,,-0.05127831278926214,0.00741980148959827,,,-0.026182153467707817,-0.013044447842090285,,,-0.01022679370924301,,-0.000777638926163927,-0.007422256734339395,,0.003637697102891803,,0.01842921871545067,0.05820863136231571,-0.013065234297734455,0.029536737230182738,0.022680034419591936
2020-03-01,-0.03122582069531872,,,,-0.001019773108496871,,0.03499392617320674,0.012094265516925455,0.02371903792477748,0.004082934288978269,-0.004860039471355651,0.03678180037997327,0.027000978231961695,-0.007779011799008103,,,0.012086602736356956,-0.02057507516536592,-0.011961799461242581,0.03832142808971294,0.02684251320654617,0.022151704371996053,,,,0.03203098542521951,,,-0.004159727588361349,0.009376467865839394,0.014024186992486387,,,0.001097051602566298,-0.017161635774510905,0.03798022876839095,,-0.03257244118363396,0.010557784419918299,-0.031658057818133904,0.014038824089757252,,,,0.03046471922789967,,,-0.007467305736679381,,,,,,0.03888332889458686,,,8.017764598018006e-05,0.03892844721078256,,,-0.0015476408303141203,-0.003025561714276624,,,0.015522352619647977,,0.01659479685092164,0.02640988446820174,,0.0023599945406446703,,-0.006847819916582925,0.03056010432526099,0.003906686378946937,-0.01673083301141867,-0.004781181147475302
2020-04-01,-0.008763450835530144,0.024969985641715518,-0.0055269659250104745,-0.005221628863457711,0.0024883735633509044,0.0027605134472602683,0.04595910369233039,-0.0014853652560102909,0.008786579704019947,0.05153653030231571,0.010788161824796043,0.05919581399274161,0.03403849023831632,0.02359020012241079,0.0171483828681781,0.024213688065323966,8.599173103986295e-05,0.004664437645990489,-0.008889625598058129,-0.0025394461978014383,0.0067034827292727335,0.0417065170709592,-0.010285520075078755,-0.0002228998586557324,,0.03075239553985235,0.0055397328810328885,0.01852079932668328,0.0026898047105615892,-0.010957489126041005,-0.0024240602762044356,0.00458471990269881,0.03018390273970103,0.023345994058428257,-0.011058753647057556,0.03064388359597682,0.02923735989424917,-0.00476850514256957,0.011196585741016833,0.01709818551926687,0.02168960974489289,-0.005230455346587067,0.03351075901881592,0.022999617395265206,0.026964248166428662,,,0.004760111647746001,-0.005423039806958935,0.009836309611881542,,0.012585405485703187,,-0.0017878511868108895,,0.0333322833511134,0.021616549387576175,0.02546543844832108,0.013563769073990779,0.009605616232997313,0.02096847933574645,0.021659952751680204,-0.015852066397794306,0.022934898454181125,-0.009446332824579122,0.015670787504973555,0.01586991443875687,-0.0030891062583605377,,0.02076361208129101,0.04977797723028833,0.021650870359030672,0.030181750668352915,0.001936766426253673,0.012211713251234714,0.032587245888944974
2020-05-01,0.02175148061505733,-0.0028404381862282085,0.02237614235430528,0.05074553952362882,0.0089866739848744,0.0007097936397087684,0.022863733448645514,0.05315492583099198,0.0036114025894452666,0.027757338203496414,0.02068753887896113,0.023161768535447918,0.04625703358836378,0.017105489444809024,0.02655490729637861,0.02741404759244147,0.01031044574675084,0.0005305130993452043,0.017979743525305632,0.008790836553225802,0.012561957794220676,0.011907270068226878,-0.014251169160195358,0.02834975646276756,,-0.010096229678022635,0.03367752205777051,0.02764245088882384,-0.0019086926491735932,0.02094767514010405,0.01577372640388527,-0.014960716328984859,0.02325657385157983,0.04176307857144039,0.032993264426617694,0.03746259206641015,0.012553122108280586,-0.009516739399413053,0.006553565331736071,0.025912392067184365,0.024553013626844894,0.03464247009297833,0.01688831042012691,-0.00651608892026728,-0.0011842112303269015,,,0.05092750127770785,0.010055095294891118,0.03434447223167277,,0.019703440106305523,,0.026100560414687512,,0.007400088686959567,0.019782155256808057,0.02285468351596276,0.015448544881888666,0.019364787469364708,0.02021949414606172,0.007208742260487248,0.030012159127949824,0.0034675911714551733,0.018820856872174354,0.02706528897330907,0.01812966376970377,0.004485557297808565,,0.02925576102862417,0.05114235822871062,-0.004875171581031095,-0.008130611946350215,0.024609744533584776,0.02775955618478233,0.02879450822104451
2020-06-01,-0.0008157714900809989,0.004188704142612985,0.031022409014713502,0.03349157319802004,0.005883311515743617,0.02656191349676129,0.015052708905496264,0.03164894632200926,0.02409873650116866,0.013000973767573303,0.023406286948631644,0.023221501002716714,0.03102280968726704,0.03953344266898863,0.03217293113338159,0.008433185336387988,-0.017111748646219452,0.023385372406466688,-0.00022491558104803622,0.008035969418794886,0.013447172822152607,0.01197712726593144,0.018127187127770242,0.003126605856905071,,0.01611108038095461,0.034333672095463195,0.025561861470622865,0.036598426944976475,0.018927408294222417,0.021956404479023958,0.02082790199544953,0.005982747471996967,0.018114224171306523,-0.010275865854935567,0.019434410103261836,-0.0023057551360228757,0.01759306095063354,0.01751668590582375,0.010970643047514106,0.01016208408675308,0.020008146647910764,0.023228031494751954,0.03458704422137808,5.2252337667725304e-05,,,0.0028980921177888773,0.011912913359360002,0.029354731636019423,,0.03981091909917324,,0.005345118574936477,,0.018956226838681374,0.0262146070439819,0.03178612142894313,0.031816587840887534,0.00904436426988683,0.022576756804648913,0.018880904965237658,0.022273589121936395,0.016402802187487003,0.01045877599226801,0.029355482639237675,0.019526157854310836,0.018214289083862883,,0.02984056480826145,0.04006545984385426,0.01492934348695107,0.015531418020257932,0.017089014389483875,0.023391971401097583,0.010152231188042324
2020-07-01,0.02350014213616265,0.035129559921787644,0.017684653891634025,0.032217305387207094,0.014229444258303003,0.033829502988330845,0.02653510442357403,0.026071756471655556,0.029943982458764937,0.03822238182078652,0.03547990158656518,0.05926342812638358,0.0253203431175326,0.029696851942107118,0.01906767389620771,0.0018844816928734367,0.05238311806340655,0.03446690637574821,-0.015281611885190676,0.0290338718751334,0.04051322424319487,0.04961878053405515,0.03736021645906712,0.0498740015357449,,-0.0003923705118548988,0.028592226841299088,0.033633682246282604,0.023929584698144688,-0.013878542300161667,0.028020071691962918,0.011973591431900204,0.022145866180805066,0.036932343928837305,0.03324577266458568,0.009132585133405188,0.06648611530923212,0.03829225341203812,0.009318782454933665,-0.012202199468570575,0.01578138418385917,0.012833672714123702,0.01930062733484958,0.04012539330327333,0.019221521931523,,,0.05518391286474897,0.01756570960790184,0.0029661611738255674,,0.030474721385025393,,0.022476621893248984,,0.0416199986694218,0.028216853713972142,0.04581696420988246,0.002608079066840859,0.030168638777048774,0.051226791390573005,0.038195086397934064,-0.0271196029861407,0.024160261029579185,0.0470835425806305,0.025087428383964508,0.06044672069183221,0.04165510251033986,,0.04476568423961007,0.02078163452613045,0.04447730167671944,0.029261552059669172,0.017499625989480724,0.011569727768692339,0.01342790563845412
2020-08-01,0.026669651270220123,0.013656455943106898,0.0017694471020383341,-0.007649857760770626,0.008491922047930582,0.0032553150630278585,-0.009562464348101343,0.020170752574647885,0.014790102597527529,0.03820278943451054,0.017345737835640477,0.008688787294992914,0.021340654417295005,0.005900815028067617,0.018292862224756453,9.331295544798684e-05,-0.008175167459975334,-0.0101289725992452,0.0037082616438198126,0.009983534091719322,0.00497424965267666,-0.0010934132424607278,-0.02330587451893303,0.0137753897768285,,-0.00586859886403866,0.016707301733079088,-0.003331623186262717,-0.0006367392924314743,0.010135283174368149,0.009304853186766375,-0.001512661903540424,-0.0026434504043368607,0.013490040118316582,0.015828085788981133,-0.01386865695896916,-0.0011314022782254517,0.011534246944462477,0.026617202478510734,0.017911548867139294,0.001983241682872618,-0.00902957330612244,-0.001256652725651702,0.0039037489476808633,0.002689639285973765,,,0.002379771167627516,0.03687930113974772,0.006429250987259588,,0.011273627053187863,,0.007558664805554304,,0.004833576663335939,-0.007966844873816124,-0.007684602901445604,0.0072987358657562364,0.03949214616389662,0.02570107329147745,0.005536349417090576,-0.024236070644109268,-0.011456820202726474,0.005194482468758174,0.00463296646366333,-0.000832294179203681,-0.024269051673270495,,0.03832369541991954,-0.014456358665781552,-0.00048400875612270695,-0.013198639038671932,0.027835402014380138,0.016708973069861344,0.02346988364163371
2020-09-01,0.013024960476220796,-0.00995369381522985,-0.018629001333317304,-0.06007404864637002,0.015125893999743996,-0.0036424403370586217,-0.035909644348987885,0.01553914659697262,-0.003811337488677628,-0.004052029175086724,-0.028652591300444948,0.030756440913802474,-0.0008454321020869327,0.0001696443966542075,-0.00227440292311737,0.01971524050092316,-0.0452477255738355,-0.007010418982454614,-0.024865380320921508,-0.00825481360853679,-0.017336197436658325,-0.006800027180739167,-0.05448395793364286,0.018966233717236075,,0.020341840158125454,0.002298882810216813,-0.01335753992260509,0.026645515601737495,0.008529761279710741,-0.005165826672795393,-0.0030632702446131746,-0.023376948977790992,-0.024083514549253778,-0.008393407088750783,-0.029970107761523857,-0.03963377649304145,-0.04030762302022914,-0.0044886679571961895,0.02918009163999708,-0.01240823452034176,-0.06280796264091376,-0.032571806656333656,-0.052878658900316275,-0.023783544975650703,,,-0.005003600986361552,0.007117096574068351,-0.01389387692710937,,0.008264501812802265,,-0.02052981587865809,,0.005076833708834296,-0.02567407984583008,-0.012301833046911393,0.006984031198667077,-0.004472668070830866,-0.01240137428236949,-0.03783312474521023,-0.010349915574946777,-0.0054930959357836345,0.023885441637375722,0.028785258819936616,-0.0346562276003508,-0.037761572282060375,,-0.031030795956272325,-0.06320699761003523,-0.011940816933947213,-0.06867075032132638,0.0022130339038567213,-0.003960201463807384,0.008241798088522448
2020-10-01,0.05850029965126672,-0.02174313271477789,-0.05259174198429461,0.25905334062933716,-0.04190904817087453,-0.04461310069765616,0.04384388617119573,0.057701377072641453,0.012201109010373268,-0.017590055879375555,0.04144262826618614,0.029920146032774,0.029013212251569526,0.10216579167285883,0.015321797476447591,0.053654351414903004,-0.053954313353207085,0.10072562515382236,0.006105663832618092,-0.01217515855415012,0.011993063121662097,0.059520636940698084,0.07829609746967231,0.0368862158173836,,0.007306014677655964,0.04960451131127676,0.04584142189652396,0.019925906592399175,0.03613694147344881,0.055178976904984106,0.08121945419125931,0.0665887716411345,0.019838178501594025,0.019666630007593878,-0.027049951410989426,-0.016869127290396066,-0.022546897246181488,0.0306620472003947,-0.010557928937485153,0.001807357536585659,-0.019492689337215357,0.07305214543641174,0.024773585750337994,-0.02630876265840362,,,0.05853218503061749,0.025528390278575848,0.11126934465117953,,0.04334215431399932,,0.06057912922112616,,0.026935897981482583,-0.00018773232898170424,0.04637937576666149,-0.04040814538097584,-0.0068674313307991106,-0.000984821406289501,0.06709640104598125,0.014340682328136631,-0.03492902366921728,0.04185604434665219,0.05536945587918309,0.05313788029001236,0.018180213013457007,,0.054956779574812584,0.25638091035682214,0.02316224077150046,0.05230950798440406,0.03196520255251402,0.031940557693772395,0.012506429446655856
2020-11-01,0.05330507040490147,0.06522044977274172,0.030705230018639066,0.21708282847828536,0.009867169972746209,-0.0007086741343639757,0.01600470719409062,0.07572943919164853,0.008726345515344645,0.047512855841722636,0.027909469570455685,0.03158835801913437,0.01003825559929702,0.02471700487743434,0.013494538987154211,0.06113684497153688,0.07078787235896274,0.058932651960240334,0.06696361477158622,0.06855410974197106,0.02662728778783632,0.08175078399180234,0.1262135847583608,0.03082277074495255,,0.025859489342269355,0.03450078129702529,-0.032818301189028294,0.03469674391243167,0.024188490516476244,0.09356132220506203,0.07481400574607772,0.03240651697312994,0.08010434398403107,0.06092004130657063,0.007411279364629769,0.06628284021576258,0.12434991938237924,0.013744708218228752,0.03516323976931961,0.1276924532852665,0.03380580506326551,0.016148415391193976,0.07576576158607767,0.041710436630473476,,,0.008379856931381727,0.07718030622933802,0.040282228826392506,,0.11885172990655708,,0.0069983939603096195,,0.016948264324495494,0.029000501801099178,0.04166463512833532,0.04827092182338181,0.029032754140204613,0.0172702360179029,0.08701977114593072,0.05779630375699905,0.02133543288700163,0.03634516212985348,0.0317021148714124,0.05025785580745603,0.05676679824100375,,0.15129435832804525,0.13499847044611804,-0.004577266871849647,0.08515537003189916,0.026110928299331614,0.007941914947295143,0.040183550579055434
2020-12-01,0.024349123232668073,0.07158084432218743,0.013488092185720392,0.06997509922270494,0.020212268768051267,0.0816751086269585,0.0006170252118000045,0.04792228532540127,0.043101084127940836,-0.004770759612530146,0.040716709981426735,0.042272070561359565,-0.007023985917516839,0.022854044314448662,0.044466114796016185,0.06814495119519087,0.04986800965194214,0.033443905573205326,0.03557946032588462,0.01349619889735817,0.0011416648730210562,0.07931366105126103,0.024851554225084255,0.024744587527719387,,0.02146470710250061,0.03933501154442739,0.07621878917506804,0.03800244237991962,-0.012765933254392998,0.10151839893034714,0.04178740820005977,0.05901585447032369,0.06158557775460891,0.044527958327778734,-0.01715955136098525,0.01942394661918988,0.03530115195901185,0.04646645405323174,0.018663907326723492,0.06746812946609183,0.08571580850126635,0.04073952874732406,0.06207486740180834,0.06489546420237828,,,0.023976987190678943,0.012884635263603847,0.017896695989804375,,0.04341623777582243,,0.0781900798056617,,0.05523919310583076,-0.01842345899715692,0.052906040347806015,-0.0014633481205994147,0.0023772497311623842,-0.012400989172205041,0.03748505406478528,0.04639357301995467,0.04669881224660113,-0.001549284559084023,0.003694274395181112,-0.001688334560611571,0.03649090532386187,,0.06622461933296213,0.07616428834360739,0.05082882966165084,-0.009469732333172083,0.01082837868480535,0.051542181085147305,0.012350048395889041
2021-01-01,0.05150986044375208,0.08204971502221856,0.05322369662934999,0.08603624019360698,0.03634606389241028,0.06974291435031262,0.03619176877074321,0.04286418380713027,0.07173846775914589,0.026456577670182134,0.06593307117896112,0.06473556049694133,0.05429924407416771,0.052389230600903135,0.10836383458022071,0.056398816015732316,0.10067328925280271,0.034136683706633704,0.05442806782261717,0.009443248620251225,0.025914121088667818,0.06264329274823346,-0.032558653112194635,0.019373080403959457,,0.041573356095500516,0.041458803737018914,0.016179784508891105,0.008901788153522296,0.0005037864251997286,0.10804619516425011,0.044327461081003994,0.058537053424397696,0.06568976327892787,0.035699233216318384,0.06443601370301733,0.046799368883753883,0.05737808648061577,0.02673469792309778,-0.016569677073225295,0.07420279096456653,0.07650672494933639,-0.0060935760687224,0.05403146492159271,0.08477048467959547,,,0.01836959525026948,0.030950524209454294,0.04955572919215896,,0.07799483274486985,,0.0984839442418564,,0.04840184387578587,0.05667236549237586,0.03222605714642815,0.06484533954826806,-0.003276864105776094,0.03450344720847758,0.034114565550083145,0.05977180587410175,0.10220062314961868,0.04541477080980225,0.019405581887199305,0.03237984897356373,0.05986577451105705,,0.0963227145230624,0.07310355678158018,0.03689740225606145,-0.01711335425753655,0.07181024387132627,0.07722048172322486,0.03284076906952656
2021-02-01,0.035001388185271994,0.05411870823755704,0.004235429801430508,0.0614701347122219,0.0027885206986170146,0.056052348511680214,0.07134365279745655,0.003575363454419369,0.0724356750074192,0.06187265025662883,0.04167851640012883,0.049578483812244306,0.06618749832318792,-0.013400161844805263,0.06585831570556692,0.024747307794712764,0.0577131365447865,0.07047274586929123,0.043090157231038255,0.05116367751041596,0.06433139775833407,0.08289063160125561,0.0697451406614495,0.04983662629674163,,0.04243027938502391,0.08063864002828136,0.08221288213431853,0.040126294181015265,0.0008662463273140819,0.05266432036599133,0.00862456295276928,0.046439279466278204,0.05343140135930063,0.03509929609040117,0.0024270728983003813,0.021676100949506158,0.10648285844897294,0.03674119344755821,0.021750339826336652,0.03490234095119171,0.028700089947205788,0.011052616158615374,0.05009681966922032,0.035793811775011175,,,0.029134691630933376,0.0784260854921264,0.0408498365999741,,0.06736566226212216,,0.08424504735477781,,0.07848464557169203,0.07445056657683122,0.08242995569889797,0.10339854610698918,0.03322378859426528,0.06594322944603116,0.050558371607381615,0.07663640532295504,0.06398437816094431,0.060197673261217804,0.018751981584855734,-0.02652009809468734,0.08212121950415117,,0.05774301547353897,0.05648668648545792,0.026970247945816442,0.0373177253692598,0.06540423281741138,0.04550846085397613,0.058752322863028034
2021-03-01,0.0021672099078035526,0.0465089142673036,0.03482836843039072,0.03764667680128657,0.05747917564423569,-0.007683825758312952,0.057204800191384464,0.022925322071168375,0.02651101084005244,0.023494737675812335,0.023161071202667496,0.03527607065775129,0.0366884161587059,0.011595446290549972,0.10516064621582868,0.024491399359718332,0.02644074490141338,0.009179742502285579,0.06131327037036302,-0.002633912117914738,0.018914717466854546,0.038688044163688796,0.002145932749246243,0.03311002219137504,,0.024736152549673998,0.0432578133652305,0.061486432322292936,-0.003733685243775867,0.052982755504486306,0.02004604164260157,0.030094274605368062,0.019497331586278005,0.0034235484500631224,0.009834516515553402,0.044281805317439915,0.010541936378659673,0.05008054108541616,0.012232426475182068,0.06894831294297181,0.033657574146745854,0.042281113467321677,0.0033450546959720713,0.0600443905122714,0.05665109246229542,0.017796162175799508,,0.061260548641698005,0.04835783401051117,0.00435377016929562,,0.026845690906468427,,0.047197860361025606,,0.06905280061607826,0.028006421372147705,0.02941488059807524,0.04943693102065804,0.03299090000507912,0.03247185780755893,0.028491790953343824,0.05306014437734606,0.07487498645917741,0.04030079017701202,0.05541658483966144,-0.008048958817773256,0.03866383988060233,0.0014347186008830403,0.042272360863173084,0.03580737840829147,-0.01685807625632502,0.08933231062334146,0.018585800116739878,0.05086569284647004,0.04263979432995
2021-04-01,0.0637540724060986,0.03806471828441646,0.07144241244828745,0.044397658744248746,0.05777197624367348,0.04237425544415128,0.05411435474903782,0.08461031141583582,0.018753347075664655,0.020512698536401235,0.03232590207909546,0.022345244361742626,0.05795016759736595,0.016918856934418983,0.07800998115618171,0.05876278013080001,0.01827022981805608,-0.002634438966210344,0.10960167215234501,0.03537402639775553,0.06306018884740093,0.05399527927168739,0.01679304809541573,0.02170432237047029,0.05420974268155617,0.03426552070082227,0.016698588747781396,0.05270481479967144,0.05170414106040986,0.05371857610608019,0.013381491663938318,0.033054756751240165,0.04089582447549842,0.021210540559655645,0.06339656852830494,0.05047967943550288,0.04328831736514355,0.041949696093794925,0.07859190802450451,0.06464618131879388,0.0661044913802875,0.03682124374722939,0.01167026044599912,0.06122360921517593,0.05762047906934233,0.044444781816580806,,0.07254618278233399,0.08754802073961336,0.046125537450212806,,0.04775387547852368,,0.028499029468172243,0.04246400500144107,0.03937676778444837,0.06476512972318375,0.042629795558980554,0.031823161480584436,0.028860634446005947,0.08465443177430643,0.026337210895338282,0.048140789831015864,0.03016014728123281,0.0873908727220693,0.023270221938075087,0.052836174664824834,0.03046591545148769,0.05210130969898159,0.024663229791081535,0.03548222225948818,0.03394690434275949,0.08540324482940725,0.03436360322090926,0.04650826793234694,0.029740690117595392
