,TSLA,CERN,RXT,HUBS,INTU,OKTA,TRUE,MELI,QIWI,SLAB,JWN,TWTR,CTXS,PINS,BIDU,ZEN,EB,ASAN,TRVG,UIS,NTAP,BB,CIEN,EPAM,ZM,SPOT,CSCO,VMW,PYPL,ADBE,ACN,BAH,WORK,PLTR,FVRR,MDLA,FTNT,DASH,TU,CARG,YELP,AKAM,NTNX,V,NEWR,SHOP,ORCL,DOCN,QCOM,ABNB,ADSK,SSTK,REAL,EXTR,NFLX,AAPL,VG,MSTR,WIX,DDOG,SPLK,ZBRA,TDC,BABA,AMZN,ESTC,TWLO,GRPN,W,BIGC,ERIC,FEYE,PI,TEAM,DOCU
2016-05-01,,0.039119327051895025,,0.07078003685154023,-0.039040973281885175,,0.03303188706045143,-0.009684891451882578,-0.0111703475186609,,-0.03533043378819918,,,,,-0.008464344397368123,,,,,,,,,,,0.010264392857430155,,,,,,,,,,,,-0.023930844505398414,,,,,,,0.03438788078949233,0.040068039813118336,,,,0.014567746696086552,-0.01718896197442583,,,-0.053179792276018836,,0.028950349025537492,,0.021842320617555346,,,,,-0.002741493067096694,-0.02604426524375353,,,-0.023351239720307806,-0.03966986460955531,,,,,,
2016-06-01,,0.04460548317772042,,-0.005726427720125941,-0.0022998521701286627,,-0.00379743336399279,0.011904334911346104,-0.00850134035006258,,-0.039452216203004986,,,,,0.054587116281334905,,,,,,,,,,,0.028019309585935476,,,,,,,,,,,,-0.026034867806789624,,,,,,,0.015664434872106454,0.002641935038798674,,,,0.02131275509074517,0.019115919571442534,,,-0.02433938185362195,,0.04140142792628855,,0.009338549045469442,,,,,0.0043186302891768565,0.055087439437512896,,,0.03269594185281786,0.000791951018763011,,,,,-0.023914370968755004,
2016-07-01,,-0.05322704838958713,,-0.05417223951895349,-0.018084648312304243,,0.020995339072929494,-0.029672715766536628,-0.05854218562794418,,0.02248379956161665,,,,,-0.0005762165668440284,,,,,,,,,,,-0.04757566367122935,,,,,,,,,,,,-0.034235346188849124,,,,,,,0.032702452011817186,-0.019753852884230795,,,,0.03159875921174258,-0.02303372438588074,,,0.04132181367487136,,-0.026817764048699063,,0.06785934608808283,,,,,0.04945382637357663,0.0014436343559316367,,,-0.04158651491659621,-0.042376169078195976,,,,,0.006265704266410428,
2016-08-01,,-0.010855240387641539,,0.019562845865263054,0.0065610692672811305,,-0.10815685950770582,0.060169172862443436,-0.06259352773391795,,-0.005696118340674071,,,,,0.037739102828010206,,,,,,,,,,,-0.029592580845596995,,,,,,,,,,,,-0.1354257878641373,,,,,,,-0.03305704271094791,-0.014604352757469893,,,,0.10377064487938141,-0.06601559387046238,,,-0.007892640774852334,,-0.0019128832758121776,,0.10192806444239773,,,,,0.10091478259206975,0.0747313862841853,,,-0.06176023644213625,-0.012220753722288487,,,,,0.02118957832524185,
2016-09-01,,0.006888995024849617,,0.03624468655665908,0.025283631708194487,,0.004898170632375255,-0.03961133610016855,-0.007101692227132113,,-0.016107541744232085,,,,,-0.05483232214081517,,,,,,,,,,,-0.07064734184007657,,,,,,,,,,,,-0.05071042893048425,,,,,,,0.03415080113300385,-0.03432162942141835,,,,0.09728112391095893,-0.06179226764107054,,,-0.02322050391683871,,-0.026164970562113466,,0.07227207983147045,,,,,0.047255504256718345,0.011749457456321978,,,-0.05611083467863974,-0.004647967748434866,,,,,-0.015150499681022767,
2016-10-01,,-0.007817385648348992,,0.012298455844906549,-0.015207293014548243,,-0.02404067809900906,0.02331818542894809,-0.009049873442417776,,0.030035579137845145,,,,,-0.03943767947244829,,,,,,,,,,,-0.03706592822104234,,,,,,,,,,,,0.022639045724422806,,,,,,,-0.03236949725953298,0.0584226728398818,,,,0.04269777142204287,-0.07195633617671625,,,0.03534421011254433,,0.002438128957927977,,0.02945248985615507,,,,,0.06994215314364399,-0.012536700587641622,,,0.02784054735867497,-0.027511465928659752,,,,,-0.035406762369516495,
2016-11-01,,0.060000784522419984,,-0.06074515773195229,-0.048585395965487055,,0.0019467108838266537,-0.014040558909761719,0.0041780922369982045,,0.015403969167164314,,,,,-0.03104673228610809,,,,,,,,,,,-0.003910064293061248,,,,,,,,,,,,0.029974576943037845,,,,,,,0.010715593147151734,0.10822952406185724,,,,0.10747815123770196,-0.022647884149088884,,,0.008615353746156499,,0.12472154063803359,,0.043377065702638856,,,,,-0.041064331633837305,0.02028829497938408,,,0.09475289048344451,-0.014492375662034037,,,,,0.03666651703915896,
2016-12-01,,0.09892299968718955,,-0.002499378785335963,0.01665173853051638,,0.033915575341580226,-0.007720828309053549,-0.03428271570346391,,0.08327802116682242,,,,,0.07753272775589626,,,,,,,,,,,0.054980872671268124,,,,,,,,,,,,0.04331745139764645,,,,,,,0.043496301062068976,0.004994336504341987,,,,0.021228026654321143,0.05328716288901057,,,0.03779101876096958,,0.03303442854470676,,0.03568482897075266,,,,,0.023269679572444246,-0.0013573927574133228,,0.036577112353835275,0.015206186915193294,-0.03642545951878852,,,,,0.007060136341198885,
2017-01-01,,0.03611495124145416,,-0.0013507298126930363,0.04300798321395009,,0.027002494279477166,0.00308176031434077,-0.011029150435961435,,0.007242685453468104,,,,,-0.023746965267060768,,,,,,,,,,,0.0019064596136227118,,,,,,,,,,,,0.002623541695423449,,,,,,,0.013945457058654404,0.03274892546950513,,,,0.011245241532249933,0.06228325643483687,,,0.05039760480059172,,-0.03374219689269142,,0.04614245253262286,,,,,0.08909355910361152,0.09389669536680664,,0.04327062161224329,0.02591255655271836,-0.006248338874551843,,,,,0.018203003938615396,
2017-02-01,,0.06784605929622946,,0.04850355010895807,0.03369183846667076,,0.03389012199459595,0.008569758467609882,-0.0018576766424191413,,-0.009373217923323563,,,,,0.046732431153600124,,,,,,,,,,,0.04191324713069486,,,,,,,,,,,,0.09389071988626145,,,,,,,0.01457838925934896,0.08566907985612751,,,,0.08044881160839729,0.04983932130915343,,,0.0697451424654637,,0.09350415044283945,,0.07419002918175926,,,,,0.013914738533943595,0.06180978486771653,,0.028660580272878815,0.07170684613691997,0.06025401822618884,,,,,0.09352068749200691,
2017-03-01,,0.03228705697874133,,0.06903484703931728,0.03715049173219032,,0.038335224242034775,0.008685485326714752,-0.01330339935917366,,-0.0016537623734989779,,,,,0.09665129830441123,,,,,,,,,,,0.009816927495553754,,,,,,,,,,,,0.01832841057541991,,,,-0.04784398325184369,,,0.028787517063458563,0.0362167626567293,,,,0.05181621572766551,0.02547702074460932,,,0.037145067627019066,,0.05157308344889719,,-0.0014119323113602148,,,,,0.04421842772832057,-0.0021104537112374665,,0.030856759703829978,0.0009675637130590227,0.047530888266700135,,,,,0.03543626052657487,
2017-04-01,,0.05944931184961276,,0.030473770209220572,0.015513847570449591,,0.04291502131837284,0.03020872792911226,-0.009557991694733325,,0.024885378993425872,,,,,0.008942970130282547,,,,,,,,,,,0.024170858738682608,,,,,,,,,,,,-0.003484390506563014,,,,-0.028681644613254162,,,0.06519771083858403,0.060805791848180565,,,,0.027819912335187085,0.03443536406664331,,,0.056493583867875355,,0.02683389778362222,,0.04300516097841216,,,,,0.04636782930266911,0.03244994508858018,,0.028286894233981858,0.03369098280695368,0.04155081619207733,,,,,0.0002686859494161094,
2017-05-01,,0.039640545611183256,,0.06407864248367354,0.07792722206567698,,-0.010493232576276604,0.005515664425226888,-0.026469969874475346,,0.052920998334802474,,,,,0.01783445561450121,,,,,,,,,,,0.009994876831415287,,,,,,,,,,,,0.026054367744270345,,,,0.04747788247346063,,,0.013728572340225835,0.04982108801083886,,,,-0.05648059241637726,0.035520657500519054,,,0.01643549966422119,,0.010926436401733016,,0.02937344043135433,,,,,-0.07565989992671078,-0.008407517409251573,,0.06551905731617515,-0.010339873951360117,0.004037298102051459,,,,,0.0177553021061569,
2017-06-01,,0.03710147922173243,,0.03591076921457813,0.020970877292414074,,0.040317717367394305,0.09971603756046862,0.04485113221903747,,0.0026567779558693324,,,,,0.0610540353607067,,,0.0015511574406058479,,,,,,,,0.0448181982039458,,,,,,,,,,,,0.027849284890286447,,,,0.007071893270808897,,,-0.0088886095800827,0.07992310338958511,,,,0.10763499111257316,0.03764205368866863,,,0.03590739303931811,,0.007765593598476408,,0.05103109914925488,,,,,0.07611656023098562,0.05310185636761915,,0.04278077522880718,0.11324907052500832,0.06691342179181727,,,,,0.044107078978487695,
2017-07-01,,0.0011752998323449337,,0.004972020426186774,0.03140351934579737,,0.03467609535888477,0.028002325821452234,0.06363442274296278,,0.07758750502825991,,,,,0.014933590684865883,,,0.03308526307300226,,,,,,,,0.013163093467715437,,,,,,,,,,,,0.0472314778239758,,,,0.04730902304174965,,,0.0661575192655149,0.027415816505500415,,,,0.03889664438182426,0.03992099095677362,,,-0.00773936656220597,,0.0464944710552915,,0.0531007378228389,,,,,0.0075012446423021115,0.044984610539364034,,0.0005317099031860364,0.05646917862613968,0.0008561686870966496,,,,,0.027930106779418255,
2017-08-01,,0.026507531363214605,,0.02697000958005205,0.06736135992321396,,0.010955687951764895,0.08212932409091386,0.03615135072264228,,0.060007199488847605,,,,,0.0761547270698475,,,0.04431932243784377,,,,,,,,-0.0286429706915627,,,,,,,,,,,,-0.007202336383549529,,,,0.021102974318779156,,,0.06395133026928534,0.08324444245567005,,,,0.027752051866745654,0.07877384249725652,,,0.01357668856536235,,0.03323528053216379,,0.09129356179476349,,,,,-0.0022270646819897363,0.04371982512138177,,0.055619478326777515,0.07059085133986015,0.01336579733957715,,,,,0.025723412657490907,
2017-09-01,,0.016195005879534027,,0.03303710619832578,0.03201017964707281,,0.050698946114308446,0.05957710912062046,0.02283529138266215,,0.029868888338998163,,,,,0.02126181606264343,,,0.08130998406822813,,,,,,,,0.03497326196078153,,,,,,,,,,,,0.08402013806709141,,,,-0.007917049688914424,,,0.054840226225621236,0.020439745756137318,,,,0.028791052587244927,-0.016693775589865987,,,0.021266791281648944,,0.02742983103954006,,0.06636070101575145,,,,,0.010053390195301808,-0.0012409376080638156,,0.030878377645138275,0.05006080687720066,-0.006438238565541165,,,,,0.07232827268880844,
2017-10-01,,0.040974843360775275,,0.03351945079086387,0.034049850114429764,0.033361168527719746,0.03585735187176604,0.08472096071986826,-0.012171664655879183,,0.003970293537385851,,,,,0.09872784209942034,,,0.03001075299576203,,,,,,,,0.03397907784760054,,-0.04226418562173408,0.08364903607626374,,,,,,,,,0.038881742591343284,,,,0.006964768546610375,0.025291498823407765,0.003908884253503782,-0.004512576742626319,0.08021191851379833,,,,0.05300750196660467,0.04873340779587446,,,0.027264697720596472,0.01756220167226473,0.07553008465528317,,0.09334882693655486,,0.01742302265576181,,,0.04156375840084234,0.016082895325910312,,0.04958474313685311,0.0557762837975372,-0.006947417937074485,,0.02764102454392744,,,0.04939661796157474,
2017-11-01,,0.050228609454297315,,0.01169492397148943,0.042755510070075955,0.0010946456187619531,0.07046705472374008,0.016068134480633555,0.016477803794165455,,0.026050581292610467,,,,,0.010603249806248789,,,0.0513855504917494,,,,,,,,0.11361388385855382,,0.022711536034345996,-0.008638485837347446,,,,,,,,,0.05250615718226015,,,,0.0679461894269777,0.010264668507512915,0.048814092521359376,0.057088405753956045,0.057299708169983,,,,0.056652669297197936,0.026222840739259026,,,0.053961231288151876,0.016119064250751578,0.05406899277061582,,0.08499346629578117,,0.013014920078003173,,,0.05760750357039893,0.06566034672517729,,0.01262396023515678,0.030046654431581693,0.0385892382450127,,0.06655903120133991,,,0.05843009909078453,
2017-12-01,,-0.014658635745988774,,0.06764330419490991,0.03591601512388225,0.0155915431843069,0.03345169937486113,0.05937325589971881,-0.0028460937575057396,,0.036169675598263146,,,,,0.01652762927789503,,,-0.023625820802880948,,,,,,,,0.04773839909623245,,-0.012023452806468708,0.014648871374621675,,,,,,,,,0.01484975615015284,,,,0.04029224243029741,0.006758145182160332,-0.0025469014190209333,0.01853378909216737,-0.00014976823718122062,,,,0.02994204640578337,0.03686497315280736,,,0.03989325565700578,0.006570126511600192,0.010620688599798193,,0.05913363885089795,,0.025645628804727687,,,0.025272025434653865,0.024079046015220564,,0.024424531455907148,-0.020838041142557426,-0.010074321080258783,,0.04621138776820108,,,0.047899654329589605,
2018-01-01,,0.006111022305795083,,-0.024140529619723086,0.002581081844342803,0.005950452244960176,0.010684830257047737,0.04643446875404442,-0.03791127020558982,,0.0015500501283835164,,,,,0.031092761672798588,,,-0.01662042937994422,,,,,,,,0.015724231373790636,,0.03089273875424866,-0.004887314887846158,,,,,,,,,0.002341794761062249,,,,-0.00418038644823578,0.010356204874557629,0.022905764516706388,0.06491994477044041,0.017152052669042465,,,,0.05891709562784452,0.0055783819777733,,,0.043804031550173844,0.026372812892316744,-0.007683416538290494,,0.020365562311031496,,-0.0028995155827245683,,,0.03485488099108927,0.015097349837684673,,0.03819399276682953,0.002321939201830627,-0.012424836151857771,,0.04699686437727007,,,-0.0004210172481602138,
2018-02-01,,-0.03243978853248017,,0.03938885188070136,-0.0175543859780708,-0.005354012266940735,-0.02738632164470244,0.03685183884424065,0.034507001311521505,,-0.009948308644325294,,,,,0.012671988291504364,,,0.03753092653022846,,,,,,,,-0.01070371518813926,,-0.03583009404261027,0.011430449171391781,,,,,,,,,-0.0342011521790823,,,,0.05602031682373139,0.004502671887911914,0.0014936086142571976,0.005628714563389092,0.009532233683114993,,,,-0.03313959727961921,-0.015638648186667426,,,0.030182906360408265,-0.02143670695008665,0.0010381651170738408,,0.033979580933658424,,-0.025489690476721016,,,-0.00021725767703849666,0.01187304188149384,,0.008438727388176005,0.0005895162243191657,0.013647658765392234,,-0.006003201327404433,,,0.0027690357288091653,
2018-03-01,,0.01967010600199743,,0.015827083049230944,0.027047168660043773,0.020726103590998274,0.01037912691165542,0.028274533302284015,0.08702870225329279,,-0.025300609207872977,,,,,0.011765087952911847,,,0.009449306134628611,,,,,,,,0.021692810476463674,,0.03096669346651216,0.03637117663824128,,,,,,,,,-0.02688342453283308,,,,0.08631051608810483,0.019534619651400242,0.06442036321262204,0.038375770494190414,0.004526725186562712,,,,0.04858099235051247,-0.019098177629670136,,,0.03171334855765416,0.047275863704310264,-0.0016895458183175602,,0.021112527263623296,,-0.04039217071492849,,,0.033647012865326405,0.041206774161578676,,0.022220666456751942,-0.020664093374781402,0.030867401301788402,,-0.00034693269636101864,,,0.016990860649333837,
2018-04-01,,0.042078426683730956,,0.029143055122689693,-0.02967285188938426,0.014627705489807082,0.08032962111020384,0.03081362986782428,0.0798909564487189,,-0.0020805191384463545,,,,,0.03436849081086537,,,0.04405205163824984,,,,,,,,0.018257803473421874,,0.06362876015163249,0.015417076788915223,,,,,,,,,0.00503241316678564,0.019553345859696074,,,0.0322414989839708,0.05209296711125015,0.03622208738001829,0.014044967828984928,0.027793278277838403,,,,0.019249974381350655,-0.005111693265992909,,,0.056414711266085965,0.012920386489386222,0.03118552950325336,,0.04565231570643169,,0.006724151772367744,,,0.0019777139944261446,0.07214682609992311,,0.01239479045102642,0.01464541693481684,0.013810235517116375,,0.035043675044910017,,,0.05305101407444075,
2018-05-01,,0.07401168231965782,,0.03220283948436617,0.07870450392021855,0.010699674926226851,-0.011010266472245553,0.06575612707118723,0.03534875053752599,,0.0263126641296602,,,,,0.0020610952767123047,,,0.0401446679862675,,,,,,,,0.030314471838789228,,0.039768502228927236,0.037410697842913815,,,,,,,,,0.031858698307870394,0.06894592157861426,,,0.0117943768849946,0.044882860101853626,0.04616705490280546,0.012340299166142217,0.02555340848540919,,,,0.018709177816574406,0.09912993052526053,,,-0.002808008935763398,0.04267130999817011,0.04449829895457633,,0.0248415381585686,,0.05026401847144592,,,0.07755621870661511,0.04848642916655316,,0.006384089359275334,-0.027458709512075102,0.021223794921868946,,0.07576593306743738,,,0.020308448813465482,
2018-06-01,,0.045387500757250517,,0.0064890233027287,0.019507218726036318,0.06444142742154305,0.0626453857271124,0.04939081205606771,0.07301555135004723,,0.04669101062199582,,,,,0.06953551662005283,,,0.0310500163815459,,,,,,,,0.03705961116615801,,0.025568786300127627,0.044041930486069227,,,,,,,,,0.09989153591646605,0.07084257884978887,,,0.07568403565945211,0.016381505484262284,0.023523829651315192,0.04283121511145056,0.021613550158370264,,,,0.07784043734310492,0.053003501357921055,,,0.05223215986234609,0.07588219456092415,0.01971698777314251,,0.045946991886461196,,0.03324630109323612,,,0.01999923007157262,0.060949356876324995,,0.06349291637173679,0.003149309501955029,0.027409698703101316,,-0.014666803070754401,,,-0.0004611399156828691,
2018-07-01,,0.04897018549466905,,0.025066367141824773,0.02523149827048768,0.06843780210066326,0.07031255741587436,0.06919863861968928,0.0400506524401345,,0.03982066056089529,,,,,0.023457986825318675,,,0.028431254245193296,,,,,,,,0.03466862191895906,,0.06022520162304102,0.060676340016404186,,,,,,,,,0.03430080357619774,0.0517882504474772,,,0.031473221232423784,0.03581894898450874,0.08133919872652691,0.03428779006187838,0.08334301080640824,,,,0.04275573387927776,0.06496246420372051,,,0.057119248351414534,0.06773939461698036,0.06603166238852844,,0.05570141655790304,,0.07548517712284755,,,0.045519078817574464,0.05930408007842537,,0.02093728467990657,0.013435247688950124,-0.023461670797672387,,-0.008903200732077381,,,0.053146817956606016,
2018-08-01,,-0.01687689201065596,,0.019013021496182267,0.00900887243247652,0.0385793305824987,0.0360987604359785,0.011215899895380795,-0.021059347435004955,,-0.02200930071555536,,,,,0.02873704349300709,,,0.04215540805480163,,,,,,,,0.06164587244302449,,0.05422377799984681,0.028800767592675882,,,,,,,,,0.020052960636642376,0.056840233099760336,,,0.06278285095723476,0.03839879846545684,0.04318513466898019,0.0691651482546342,0.02417396564963637,,,,0.012613130322999738,0.04626078761695268,,,0.008030887333118087,0.005706848913808484,0.009009355949803071,,0.06885108209822541,,0.05276560890119599,,,0.02414590594700353,-0.011681544898555427,,0.006765792435532929,0.025911674191262554,-0.03283205312044323,,-0.0029035490561907865,,,0.030061922203713738,
2018-09-01,,0.04798022985747509,,0.002180600276771149,0.05447424576680232,0.08530070474507026,0.03756216263877858,0.06423841810083407,0.05389122366083537,,0.023012337402366734,,,,,0.10971023594559243,,,0.01519189970703798,,,,,,,,0.042172575720635486,,-0.013762227193862595,0.0850956316591969,,,,,,,,,0.012158780122459592,0.0745540859857253,,,0.07280516846750781,-0.00813932502817187,0.02820483876096431,0.024176003184957637,0.0004479223716765436,,,,0.03093111809128284,0.019604770397710497,,,-0.012642712026004976,-0.030998261296356085,0.03529122190142322,,0.03836014514742863,,0.04785827350346965,,,0.029938318389816608,0.03051372230149944,,0.031448308688387015,-0.020657282238451306,0.05021601144967117,,0.032729159254591834,,,-0.011052749720507394,
2018-10-01,,0.09702209759932691,,0.012946402240033347,0.03068365064495796,-0.005687027785694087,0.07544022320889959,0.03563195503487931,0.08671791028285962,,0.06538768037738453,,,,,0.0757642830415849,,,0.01702069108903597,,,,,,,,0.04039051485803308,,0.03224866023923578,0.013029227610879542,,,,,,,,,0.03696801022813069,0.019070878279124775,,,0.006174787275127403,0.041467439001091844,0.028674916226698453,0.02763902407498845,0.05089898373728122,,,,0.06298236449191146,0.057088581018252635,,,0.06645921518336681,0.05353934817303721,0.06417993244912515,,0.04640807109069346,,0.06314102124069441,,,0.014071108699157472,0.05367737969206643,,0.0643477752844753,0.08471797542949085,0.030147442056248322,,0.05038472625311198,,,0.033451934916193124,0.07407932271260488
2018-11-01,,0.009207287072822881,,0.06475721251907313,0.0301376706285828,0.027547846215405965,0.04550902507637502,0.04760034605372447,0.02018606222075214,,-0.002095251701725913,,,,,-0.002595603374198348,,,0.02633266187077615,,,,,,,,0.04128209967152355,,0.033938673741049113,-0.013512083641591413,,,,,,,,,0.008999382885623176,0.04043029034695062,,,0.02809481939421648,0.0216501488875884,0.055742868330789806,-0.017287016607131472,0.020405181231476145,,,,0.019961604849664742,-0.04609015756762402,,,-0.04143335040520977,0.017184491506994696,0.02526467767225231,,0.037494968606666707,,0.015479871778073934,,,0.041471481535774846,0.010744587561367494,,-0.01663705199571886,0.012201435930911522,0.021343476561367838,,0.051981775444809926,,,0.05725536723469906,0.03509160939159776
2018-12-01,,-0.026243099786193547,,0.023830085648350378,0.05451803629357346,0.060369071022303565,0.053637896980466546,0.00841083639063446,0.013052920621355218,,0.028182374293049317,,,,,0.024117302736034386,,,0.025053736477832957,,,,,,,,0.04074528506260641,,0.036820386267347245,0.03654315062643583,,,,,,,,,0.0436177419677943,0.03250690593045901,,,0.044543362920553685,-0.007043005651274387,0.0601455833101512,0.045133658354982634,0.02714299194513259,,,,0.08233361320735222,0.0169236500840181,,,0.008999560728119957,-0.04352095076458483,-0.0021487446130386,,0.03240766460359021,,0.07707584487562977,,,0.03851850597561098,0.01663638844062819,,0.04503229010888776,-0.0006352505687751628,0.041165573597871034,,-0.019150661788328693,,,0.0017317564663796893,0.002047415898582289
2019-01-01,,0.06468524981674086,,0.060304136444572706,0.05504812777629077,0.04465019277991311,0.08564618318419293,-0.004177378609958815,0.07579292629570512,,0.08287366562416207,,,,,0.03881959716076761,,,0.04370590251893117,,,,,,,,0.05589701606476059,,0.0060459958465303755,0.04069883920698621,,,,,,,,,0.05639354886497584,0.03599109012537065,,,0.08586851275213361,0.025955913811912805,0.04893999750434698,0.04428285789736315,0.08194895522497386,,,,0.04901462280698747,0.022394334450132586,,,0.06709375375620275,0.05621445923526433,0.0178047900645073,,0.02690882104169574,,0.11645619584059616,,,0.04836905600939555,0.03166486658820516,,0.025380146640042144,0.04652125430828073,0.02477599186531507,,0.08119910080969837,,,0.03921982977508254,0.04639986668042438
2019-02-01,,0.015800364191554145,,0.012905650638656452,0.035365355340956625,0.002039813646772276,0.03251603969047282,0.025975152875024547,0.04534837208250577,,0.023227465728061045,,,,,0.05940777653152624,,,0.03756004286937184,,,,,,,,0.05998204255995333,,0.03108711447923941,-0.02541141363357151,,,,,,,,,0.03258059153228339,0.03071193515856715,,,0.05181147769553626,0.04449371869350183,-6.1027642492758605e-05,0.007948060314323754,0.040807684761646,,,,-0.013539655190842534,-0.01021439694351707,,,-0.016722398109919566,0.03541345135489673,-0.009902669291528915,,0.03357995283103556,,0.06486571001337621,,,0.02350363395263101,0.028420570310294473,,0.04385534572754708,0.03242646755078869,0.06438850292011189,,0.06130355909814342,,,0.00034822154792098214,0.014511039608976328
2019-03-01,,-0.012259577540361007,,-0.012823032388628544,0.04594252075841092,0.05286822162067534,0.03864098000737269,0.03890125672984593,-0.023831313907975382,,0.0002376513349753931,,,,,0.020029914409780684,-0.01882637180297749,,0.055495034040713466,,,,,,,,-0.022883776041466727,,0.029485103109836586,-0.009130149210494785,,,,,,,,,0.07300448757339129,0.04233580220134243,,,0.049731891352140914,0.022098369982785172,0.020919991533198984,-0.021488387081042837,-0.03284246492035344,,,,0.0163971257285762,0.03573400872130759,,,0.017302343292230956,0.014864728228013432,0.025536532584049622,,-0.0009644551684511136,,-0.010917811805734694,,,0.03344091026112441,-0.021140039860282483,,-0.026946224758631974,-0.012978138133529354,0.025672546019493914,,0.0007223007553116695,,,-0.017519370494404815,0.03439129323664593
2019-04-01,,0.08117115752186979,,0.014233883400495386,0.07324753103703213,0.04354307663748355,0.044273766968588965,0.008721233674547125,0.02419016503051884,,-0.006662061170921635,,,,,0.05000132139533177,0.02621549688915613,,0.003562761865991991,,,,,,,,0.04902276839037473,,-0.0155458451326493,0.054042265976944046,,,,,,,,,-0.030898297960391768,0.045432244725278265,,,0.02483452565517147,0.03303909490407927,-0.0033043629842165224,-0.03659547753805496,0.053099566721256,,,,0.0512793224878168,0.0448615852145286,,,0.006089973340118602,0.04715117482765949,0.026059432927753437,,0.011979201509371856,,-0.00835313082894919,,,0.0698404261857607,-0.03602357582217998,0.05649291909239498,0.060518485161995345,0.0035752524157158967,0.004999789650816443,,-0.00620382420918374,,,-0.007434893148970206,0.004050636939135273
2019-05-01,,0.017820262955027005,,0.01937275449439895,0.023199635829559372,0.04574119457388708,-0.02404569783712582,0.05682976332965048,0.01604961118988672,,0.04775688410526627,,,,,-0.02762421045148872,0.0999541106820439,,0.032648871266952456,,,,,,,,0.04311571359205525,,0.08564740889471188,0.03485491895096034,,,,,,,,,-0.015203737465510538,0.0210312261811653,,,0.059252745919499805,0.045909376957458864,0.08913122334389152,0.03706663779771782,-0.006228305494037561,,,,0.0365708950647865,0.0007361917343427088,,,0.09744226621798587,0.040698428251664615,-0.009981356821009448,,0.0795595772812877,,0.07814934276792643,,,-0.002657333381928296,0.06762778759296063,0.08199040875629073,0.0037758363126837863,0.07936246845263083,-0.004032712437574835,,0.050782794233800346,,,0.09465626750678384,0.045042191447897464
2019-06-01,,0.028214765546290738,,-0.01063638525297099,-0.04507915418215057,0.02820457330885071,-0.021178701273027498,0.0033891475260012516,0.06979197751540131,,0.05127624523438153,,,,,0.03584544703291062,-0.003984980795998183,,0.03184573629980013,,,,,,,,-0.030777190286618017,,0.0653738875234065,0.06554824928228545,,,,,,,,,0.011526229839079097,0.007781598931317173,,,-0.002517815616146668,0.009440024521048966,0.045945989975430965,0.026687069645755714,0.07865209597236876,,,,-0.004868805944641279,0.07062390451490405,,,0.007662587455313952,0.08610831403726893,0.04856961228470113,,0.013896480100342144,,0.02514481705353265,,,0.027760008583759002,-0.006659891375684512,0.047446850350136516,0.07737996741124466,0.08306738438033928,-0.06141881582276046,,0.07347881167673295,,,0.027671822792426547,0.062100760044898784
2019-07-01,,0.04008605910264848,,-0.022692155458859303,-0.02074627969817717,0.02336634016155155,0.06363328715640625,0.025901105676134246,0.004597509321723356,,0.02918404355832419,,,,,0.03260888123895411,-0.00859997930005163,,0.05606282068013711,,,,,,,,0.046586857876008865,,0.005822726955512995,-0.007184588063134288,,,,,,,,,0.06202673585148711,-0.04037516350805737,,,0.017255631279116758,0.008332947790392783,-0.02845030275007792,0.04951694247997953,0.0167787799863568,,,,0.03158063773659407,0.10955317161497546,,,0.011248626663221704,0.014208577572478318,-0.014193216351047852,,0.01935373085052599,,0.02218000496028489,,,0.04409166524967048,0.010009481937583584,0.00787381372646128,0.04345462348830331,-0.074269447364539,0.02263485313603191,,0.014188073580588476,,,0.004861874601723756,0.006209623869525907
2019-08-01,,0.025333680417192854,,0.043818801308134564,0.07729858533919585,0.0313411423220255,0.00037545406869100156,0.07249704413823257,0.017430332335018915,,0.035833545178494595,,,,,-0.01330109208935858,0.04497182725176408,,-0.007645002737324987,,,,,,,,0.034770236710754056,,-0.041837302691341255,0.10572867224008689,,,,,,,,,-0.0022174864033127732,0.05246050634568391,,,0.06688791160805113,-0.011138928305398577,0.014476554374178344,0.05735229979545632,0.061425025324679416,,,,0.03677210629803952,-0.03284924450917932,,,0.045714802378123094,0.0006296631313087234,0.04792726601648875,,0.08363806224720238,,0.024440965672469804,,,0.004073033132732173,0.06006495256187214,0.015391717486099302,0.02536043224380123,0.03917007702018951,0.05237390806987656,,0.027435844903199447,,,0.05459935976853092,0.034136537041875456
2019-09-01,,0.020105113014109922,,0.025938259035953832,0.042102628518700225,0.01785998668932681,0.02273106200169456,0.0687161799119117,0.07979403715451028,,-0.0383226957415504,,,,,0.0904562584747664,0.003491305998715912,,0.05163674512328597,,,,,,,,0.019979223854884563,,0.03381445284539806,0.041443068547373674,,,,,,,,,0.0298786845551131,0.00491984912501052,,,0.07632716232794359,0.007541485951091789,0.03282728011787282,0.04278131262159811,0.00368904838131056,,,,0.02071189793064432,0.06438763952200455,,,-0.038440408894717525,0.0052917483921141525,0.002494807016241246,,-0.007268990704909252,,0.0760599865816865,,,8.58182761704733e-05,-0.01769074034958295,0.02764731860437382,0.004787764897479223,0.03268708479387817,-0.016887825164423394,,-0.03326475986114404,,,0.0368598279377946,0.06014421665288275
2019-10-01,,0.04378368918694227,,0.021950179954620275,0.010909046436719309,0.0534119165684465,0.005915493253897237,0.04115861834384529,0.0545951049679394,,0.02946553969237169,,,0.01194946524711763,,0.00111145143251375,0.04329195578616199,,0.008348476519567195,,,,,,,,0.0316510787295478,,0.057728506066272056,0.06274737688329333,,,,,,,,,0.030290542482311816,0.02014676207763473,,,0.027289877101467706,-0.0031626374725005728,0.04250138612639942,0.03747849361089174,0.03337106902856683,,,,0.05293639139183326,0.018179464256613945,,,0.0300874610625635,0.002464240639999348,0.03977921244695047,,0.05913007197542844,,0.026410811941924517,,,0.08346273647915287,0.05614944513199556,0.04487604475322058,0.024786095209146555,0.004078618476571722,0.07446006174813793,,-0.003577239165140692,,,0.0304052188931387,0.03656283903536223
2019-11-01,,-0.015483821960144663,,0.02783290438941699,0.03446435308284376,0.022300392130242104,-0.023108910256379404,-0.012181192047945027,-0.014507825353766591,,0.04182379277512311,,,-0.004893578971094086,,0.03344851066998849,0.03646865471181287,,0.055450081336504975,,,,,,,,-0.0070620637518586105,,0.011602849016596578,0.035999801670411335,,,,,,,,,0.004533237464878662,-0.011556106680819602,,,0.013366625982574414,-0.0013262973833391527,0.013127399414386043,0.04782102558467366,0.009563571192757542,,,,0.013038048539172044,-0.012079705476882006,,,-0.0037149304751581402,0.005936190887355929,0.021346517199288723,,-0.04239714819523463,,0.044065965366117184,,,0.0005229416120476754,0.04673026193824584,0.007860132017948291,-0.0001988585897252232,0.03629726862137435,-0.006476293292067278,,0.032363268164809444,,,0.00098677198281193,0.05070219852606555
2019-12-01,,0.026027230956265808,,0.005713497413808489,-0.014663755494372235,-0.05380563617125231,-0.04067699924713336,0.05913866783254815,-0.017440823832120336,,-0.022564948245953998,,,-0.01098117604976422,,-0.004486634006946381,0.04141147745120953,,-0.046100135666465716,,,,,,,,-0.06161649344636645,,-0.01260515400221714,-0.03536187243258854,,,-0.06082662555000046,,0.04837360520021648,,,,-0.05404696632662637,-0.01009036985811718,,,-0.0066384681606985185,-0.0033593007816448035,0.07067879504367414,-0.0006972738321216129,-0.020439695702916618,,,,-0.04327073902138717,0.022196417276015467,0.047669010521541835,,-0.02997891713282137,-0.0012235869095091785,-0.016032123190162364,,0.0007213183439338487,,-0.030173242575662496,,,0.0031247755733965904,0.010947942401480587,-0.020085166572649683,0.009025137822378758,-0.04189278302441525,0.036632311008256514,,0.013370773628329393,,,0.0005308792620763031,-0.052079333824782525
2020-01-01,,0.04649645870875711,,-0.04484971725113058,0.05987278251675907,0.019160166249678038,0.012653507740474815,-0.08268468528477223,-0.013379042316726562,,-0.003720708424966795,,,0.00041482915228201623,,0.05005316467207995,-0.0324821354814403,,0.0074711312556574394,,,,,,,,0.04761039171123833,,0.0005913632147346824,0.04214913553875727,,,0.015313920881846736,,-0.07071684209138308,-0.019458741912659377,,,-0.010381946430556139,-0.007894234432397056,,,0.01820734295531012,-0.01340296086073671,-0.00845178601837467,0.006440222521654764,-0.0071792237487611965,,,,0.019205139009348473,-0.02823776551944289,-0.04468660969503854,,0.0022981169529703678,0.05272696723742086,0.005479067811157792,,-0.05827142436633875,,0.08623519367167277,,,-0.041013108015795774,0.05832677754364947,0.030456298445151846,0.006756613338807818,0.04703648966884927,0.04228149003552523,,-0.026298767646451573,,,-0.0019669780108381094,0.08319385582157053
2020-02-01,,-0.025165063852407608,,-0.0037578010000554806,-0.02709613013143933,0.02032940203734757,0.006741109715454595,-0.011854710393807467,0.032515045177188374,,0.015246021387529823,,,-0.026021896347763463,,-0.07908487876450457,0.011896497169018198,,0.008270432436213126,,,,,,,,-0.03298064379103598,,0.0386772534239017,-0.00777991534076389,,,-0.009996356346006704,,-0.00717817053771459,-0.06593334638242758,,,0.06621935023682393,-0.0023507676990862656,,,0.0490699299725344,0.02771122122663887,0.0471629475480607,0.010549758396554938,0.009016102466591909,,,,0.03149382040758397,0.01877862698375944,-0.04791635706547939,,-0.06487667155611591,0.01318734762988156,0.012445495124229738,,0.010949944650343508,,-0.004227532426392156,,,0.028172032870010532,-0.001080741747629438,-0.02082909019397718,-0.055238467120207586,-0.0012435918379789471,-0.052081914436034125,,-0.04729832411310827,,,0.06327890078928818,-0.03880664631387187
2020-03-01,-0.02412329687736906,-0.01989922052363365,,-0.07119842033538634,-0.028975110892650455,0.01582756372948913,0.06993059469668973,-0.020822097707075212,-0.011219478829946661,0.01732287816179421,-0.0004370541555577291,0.0629907793553602,0.008844454237877145,0.011953738887421395,0.08559073588045342,0.07562727797855383,-0.037939057033991905,,-0.030804318365521135,0.025001426656134276,0.07661152836940233,0.01516894588968173,0.02774248454366976,0.08359165859737831,0.08011986739938311,-0.028398429350260716,0.055171277292826865,0.021427972627735714,-0.036598531645460605,-0.02344816727375391,-0.0033379596574293867,0.008003529221966907,0.025542225556409434,,-0.037989433082202886,-0.04610199215585681,0.0460471260329262,,-0.025185996875500816,0.01299229068652169,-0.01035575763618891,-0.040008208129118344,0.03905461954960574,0.004616816419435885,-0.04409342881921849,0.013512575630621554,0.04164688591806871,,-0.021714902371205314,,0.046721658936954236,0.02931137147134697,0.011888403894960462,-0.03169694092939432,0.06483214742118582,0.0006685353746810757,-0.005422592264626918,0.042922229768667275,-0.02031617211811299,0.017514331040568012,0.012701432596743991,0.009238474454356814,0.04554741468295112,0.05844749708017059,0.021430989886094036,0.015779870889418703,0.03468150335739409,-0.0019192372549157698,-0.0019307049252783558,,-0.0477612893882258,-0.042178094975271835,-0.002382142070888136,-0.02207935195159601,-0.0008294136133031801
2020-04-01,0.07889200358632259,0.02700250364365136,,0.07678480025435457,0.026169950452423638,0.032910438848404125,-0.016638974239422753,0.021571761374391242,-0.013422404925582089,0.047807276272923305,-0.0466084858844477,-0.017805302221273946,0.02963727500007507,0.03534208060066616,0.012631935992461787,-0.019938738159807595,0.042370389649770863,,0.05844369339186358,0.012855379149757488,0.018985289479838855,-0.020648786250924242,-0.01917817336973838,0.014599222967183516,-0.009503628635004042,0.032133817295225145,-0.0449563658738399,0.03601644581592821,0.02804927929396215,0.03546958147158702,0.03879356580288475,0.024692629066727804,-0.013919671806975533,,0.04159912430374435,-0.010387266444763649,-0.012972987548896198,,0.035820271442225764,0.01311125646996391,-0.01655675651917718,0.04498788632190321,-0.0013546046854317206,0.02176926838917012,0.03573752180813419,0.053306743758748054,0.018145370060628826,,0.017204089645049228,,-0.035689377265079016,0.04390169162009995,0.008190058879166254,0.017369791827235977,0.01503457733971769,0.014223908794926516,0.028368714302213494,0.010371110458836794,0.06203678911558799,0.01468829899601108,0.020225829449197277,0.021858064009919295,-0.004758147279781848,0.05037657201935351,0.004211541847901198,0.04181296133032593,0.02511857892315275,-0.0005431015144633441,0.022050318291561823,,0.061575284633473906,0.028154973541305604,0.01683017861370166,0.07584266836876853,0.07502931482484596
2020-05-01,-0.013853066432409529,-0.0058092324793283315,,0.006146085359483508,0.020318989099690148,-0.02167867840880515,0.03905075114051386,0.01582308117712294,-0.05137192435082792,0.02763320788299287,0.08031188059063316,0.05172790705936668,0.017853653760518937,-0.0062753661153456125,0.005545271094401349,0.011189509068910919,0.012127962541159356,,0.0319830732495415,0.04126866284769534,0.007095936961409165,0.003409352472583005,-0.047278128426812074,-0.0037446777046189483,0.01689824470282981,-0.030925307358159987,-0.0006855711982811236,0.00019982060344643504,0.009355644118913879,0.03775792569462506,0.027752929911603996,0.04265152974567206,-0.0024679839519145402,,-0.045050040412276254,0.03606848526435801,0.01724238135191529,,0.02684762097747678,0.038130778788366716,0.016710829357533468,-0.014276946504686638,-0.00343216257028435,0.06727054607197924,0.003570439902217677,0.006018029673888942,-0.011013887162119047,,0.06358871502801056,,-0.004161338025138635,-0.02212477230560029,-0.030108812257644287,0.003055174483729363,-0.025996499288647147,-0.038336755551975146,0.003823932604392153,0.029484024061507495,0.012894663281747404,0.025367733377855344,-0.005198347372726328,-0.02040251402538764,0.055580228878274004,-0.03126020397654687,0.021384447608374386,-0.01717228240082784,-0.026025845788691312,0.05191213752973156,0.07500755060385383,,-0.02364665394321959,0.022616770679083784,0.04190430030343402,0.01021588482979904,0.010065021996375562
2020-06-01,0.0019981838705261483,0.021169721298922792,,-0.003946863225137766,0.01765970575526899,0.015399359059981948,-0.03190485996153895,0.02553996341245613,0.01855571660935785,-0.03212335091329245,0.023168488804702625,0.019475174099878957,0.030880486458544756,0.019742899727077726,0.009291993088620162,0.027423403340503513,0.00688421994267694,,0.03169494128157713,-0.015756187802969432,0.01989951168221768,-0.026782390145696014,-0.01593726087672403,-0.017045755711744038,0.005307639089207519,0.03990435525696229,0.05070959251427094,-0.022687780972241736,0.001990874527641767,0.013139340914972892,0.020944930312614893,-0.04916468921422187,-0.0087288910031092,,-0.022712229496112235,-0.011473644630773348,-0.019719396026408514,,-0.010615914755968743,0.0019784119445814576,0.0326396617141274,-0.01567093078771594,-0.001356776149624074,-0.022709335121776135,0.04263836130404171,0.0601138479793025,0.021021438149785063,,-0.004732790695176681,,0.033601887669742654,-0.0128452586246938,-0.027032446494766868,0.019154221801112703,0.012466914523564788,0.031536885341924475,0.027497095021038684,0.0093269937292738,-0.009300697340609693,0.021983489798516047,0.037127021923540025,0.017722068873119834,0.029298418003990565,0.01534509345556382,0.011634452851385337,0.023178984488706207,0.007093277284795113,0.0261570159408116,0.004680993613129476,,0.022107378001898582,-0.0011521760909115018,-0.0018462054126453936,-0.033931326989961395,0.0377490201935962
2020-07-01,-0.04838188561629647,-0.044115955696528084,,0.05552575894591934,-0.04879166844015403,-0.005950084426430288,0.015432912096851284,0.007132006066938465,-0.00019562591035605925,0.03292064292010312,0.06399820154135887,-0.036829033975805996,-0.04080398574713848,-0.07853978516138332,-0.013619298201313593,-0.024216334030670382,0.03274921552567313,,-0.022370800152858514,-0.056587260090288374,0.003967959911013216,-0.04253152843095455,-0.028723553916524848,0.05150589107167684,0.006588711161762004,0.03343588559253058,-0.08690929581883688,0.05482302438060964,0.011013549262502684,-0.010931341704413781,-0.014932741810014527,0.02634849676992726,-0.018897331139172864,,-0.015490971981408357,-0.019134648915518804,-0.0027155364933214646,,0.010122038779230388,-0.0604602022630422,-0.04829074977529946,0.1199725442279576,0.011593805596997228,0.003524552345055887,-0.011263683736006669,0.061220896956118875,-0.01658445129961421,,-0.016042320996837493,,0.023203510232523997,0.016646303367701037,-0.024184663390767504,0.008988103887833526,-0.039723246996383826,0.03293410704189616,0.0108159717935353,-0.03134649751122498,-0.07259026898586057,0.02890075299019519,0.029104051393333136,-0.06285620714163748,-0.021527863275682797,0.047233970409359685,-0.04437555402742789,-0.01109528059434612,0.04074647993922037,-0.08292352235610109,0.06899749914138918,,0.08364284862162678,-0.054878234461924705,-0.07300882446598617,-0.028991588454329868,-0.01475717670359665
2020-08-01,-0.008112080218749408,0.023606772661180008,,-0.05945075326497461,-0.008634802720833813,0.019645187387474512,-0.048438720859150616,-0.028484895659667397,0.02586883921762856,-0.07323859263454492,-0.0773595345912655,0.029753937203600096,-0.03303570509722559,0.11152001164902833,0.09365473334032999,-0.017392241839208615,-0.04466886571018923,,0.04210721804051289,0.005208002538039447,-0.025469900694927827,0.04491419181311019,-0.09499573792421852,-0.0008720317900445659,0.012038730269066964,-0.06648648867110336,0.020254794756057324,-0.0707618253287424,0.0816153254590636,0.06795213797547182,0.05336586556356037,0.028535977832854876,0.025444653195553873,,0.05389078782588495,0.03522289810725432,-0.03187085399511627,,0.017175314842914,0.06494795511584635,-0.04557891792623158,-0.04223468835481466,-0.03681257483737282,0.014633325574536237,0.10788149714207469,-0.003849145179662279,-0.06800623019273988,,0.036798035998499935,,0.011154779805416327,-0.026945227922629728,0.010030847053443957,-0.10082699785113639,-0.04848076908953898,-0.0646779223445572,-0.00731253818931014,0.08026542979594534,0.035610527948303716,-0.05697567445417679,-0.019767028929602304,-0.032991592196292316,-0.09413543453193472,-0.059773682674569645,-0.01819347221655129,-0.05075401249361941,-0.006752183564126434,0.07949092769583202,-0.06392573427002768,,-0.05041763371656644,0.0753352864971899,0.01671111886762127,0.008534379601294355,0.12283298540867653
2020-09-01,0.05621599937761282,-0.005028157605017347,,-0.08218821228607752,0.04877435684766436,0.03268164191283109,-0.08504204258708206,-0.00148411647844603,-0.006369138205762081,0.04849969908515757,-0.07059794997231487,-0.047328471435047745,-0.024565537206213368,0.12553327492241323,0.12406297944935195,0.06292671403504105,-0.08800781811976509,,0.012737175673396217,0.011651841501659866,-0.005333607601810338,0.1653592537860428,0.027093704753386388,-0.07861790109021248,-0.04948539965717068,-0.06063969717865174,0.08536795338479673,-0.015592360262566569,0.03039116829967615,0.07550932134468256,0.016952977134672035,-0.028208924351445657,0.030631728001403628,,0.04336219275630969,0.05730419265294562,0.07498443217204852,,0.013525517210432644,-0.04583914333924556,-0.054935528552701354,-0.003470550199092138,-0.0397808608088846,-0.05123861643189477,0.14968574117215538,-0.013452844758380808,0.02219988785316035,,-0.0011889640057724214,,0.0590471369224073,0.02485571617087365,0.09091896399714937,0.06106264124296716,-0.012217851085639317,0.04637543765359836,-0.0016239809720695626,-0.054059244652919045,-0.08196193087943497,0.08296414934556443,-0.13369699299387527,-0.06145153943735704,-0.07030492475240753,-0.0518400998063865,0.13141910425475636,-0.06476202117090551,-0.06737132648940625,-0.06326698951872539,0.008875621392661435,,0.033756876941000574,0.13144476456699322,-0.01769007569275783,0.0066107075329827,0.05860517025745986
2020-10-01,0.10282188095314543,-0.02551245507814378,,-0.060557911539094934,0.08377177901783492,0.02355075423449756,-0.021909457986617566,-0.015073412097118051,0.04222158357816601,-0.044636166114905215,-0.07645646201623518,-0.04097056793416285,0.027669016785680137,0.05291271378657071,-0.022185242617778808,-0.047959081177977085,-0.014361617692742079,,0.021841350057675762,0.01763538858873439,0.03526222383989061,0.05872740688499971,0.07489409659498333,-0.027003801334471653,-0.11613594795029034,-0.0055780662004218905,0.09118644589982883,0.01625385238686352,0.1000616287564362,0.03690240851832183,-0.015548878012324505,-0.018441508610147705,0.028167945724804487,,-0.0005459997125989643,0.007601578999944215,0.03216814042460394,,0.023990098256587718,-0.02404423423721145,-0.0639994361570867,0.03280123172836443,0.032746600356646186,-0.054795253069569984,0.12827766769241764,-0.002012010096303491,-0.044757159449706194,,-0.05051866105674973,,0.011991830080446469,0.009007424477058799,0.11469902515288113,0.02647437346857766,-0.03239524780941568,-0.06670020954604747,0.11188564723510641,-0.08751510195821324,0.015551110068021708,-0.0032343617584621523,-0.024535582547460265,-0.043309908991538304,0.05803130023742608,-0.09155898160085446,0.0681663036026963,-0.06236133231507165,-0.046403937673086516,-0.06120175988486389,0.023286241847021553,,0.002595666557947622,0.13608257848521907,0.010608767587437049,-0.054463364866007676,-0.03602755098627189
2020-11-01,0.0784098614772951,-0.025805602165652856,,-0.003619458376715602,0.07976759199941652,0.10964154937803217,-0.029874882816533055,0.014128180195688473,-0.033917147585968074,0.004626499283750023,-0.06938381694247739,0.020772996027947525,-0.029977509074584907,0.013489811622078197,-0.05883142173975134,-0.08890548212387435,0.02384929137189574,,-0.001288843809652114,0.027644830762453873,0.01584733052598774,0.043229245839135635,0.10353651913044667,0.08582483550330763,-0.07194975110383636,0.007388919178264404,-0.03850690925370204,0.017419771668077327,0.05304899106993269,-0.03132979873083086,0.01260540197869739,-0.06996722409216609,0.0031799983758021497,,0.09422689270597703,0.027641754966860776,-0.045118479323656605,,0.07142823560882228,0.018674426227623817,-0.0019373136692736707,0.05858079078269152,-0.08306239460941213,-0.0164524866487456,0.021547565836357738,0.040650711070425775,-0.04837118395601239,,-0.05625668625094442,,-0.04934621771487288,0.0074328518721846135,0.02900467395740422,0.023400516397314636,-0.020114148051354586,-0.042473099905336556,-0.0059517042080857105,-0.04261019320409799,-0.10558065333316842,0.025450512324489163,0.03454357575651659,-0.005473349720296866,-0.046235935387575686,-0.0908679923277042,0.054106992851083176,-0.008981556436180801,0.0042457772023752754,-0.02245644598293825,0.06045042466949396,,0.017302381351716377,0.033173486775952124,0.016834391483429488,0.009568895079645468,0.03104551923299128
2020-12-01,0.021804676018548963,0.023441801393268943,,0.06920379289056959,0.08667368281685843,0.13259042761036316,-0.028854762659208694,0.014340093261301493,0.07614892712495988,-0.004027615625647733,-0.07740677942014103,0.044502999015720926,0.08540917880961882,-0.0433403000085741,-0.08674066038010765,-0.018603383443117953,-0.018284014101049524,,-0.03409710071324436,0.03642884877578107,-0.02813102693514251,0.01093299234394244,0.013588358005177159,-0.01590050552212926,0.08721398559165386,0.021663688664938233,0.046630061010677126,0.03350858637102246,0.0008776540118396944,0.018335563348122065,-0.008418983532141655,-0.06936060207179943,0.07841074237424506,,0.05476151154268017,0.10646536075407205,-0.0045482316836193,,-0.030812186744534703,0.021848253758407377,-0.01353600407379632,0.08121935189426319,-0.00665960389176086,-0.02858977418029214,-0.029850316272472463,0.042007191174395574,0.034463963184673305,,0.024250067625063633,,-0.027719203461042757,0.055557016292229776,0.021777160108811585,0.09297806127494655,0.1283181937118299,0.0618881872096687,0.043455423286311745,0.03737183306927604,0.017404315995771306,0.11930497083374217,0.16247131208607196,0.11625926754796648,-0.020360813145186618,0.016478546499353642,0.07001056452804127,-0.02073948164368524,-0.07384487235208194,0.0354228241019561,0.04047388799843845,,0.03280597953389859,0.006821290989573549,0.0033593763742877994,-0.008143660461797445,0.03741944021188042
2021-01-01,0.06177695030976513,0.0705819560824395,,-0.03387754185935062,-0.000408846068566851,0.007432012980670706,-0.009314227373022961,-0.007293286273076786,0.11215413850569791,0.04285156729555685,0.09640418947913035,0.051062394400240525,0.017189397631472158,-0.10755717370563303,-0.055765005917777145,0.022317961188678827,-0.03411009854512411,,0.05750497456748013,0.06889279102407793,0.05468231776634087,0.07339609757884882,-0.09725913192447802,0.07075585209574164,0.05948219696581518,-4.1750082014464784e-05,-0.0010124400874580997,0.006379032170688165,-0.014806218163773185,-0.05472434381403362,-5.40534697676745e-05,-0.027746717395507027,0.005063492000218391,,-0.02458108723900223,0.05156535989068409,-0.014404310066600833,,0.05436504184904585,0.08940325985192765,-0.016710952628440218,0.01699253466131621,0.09320247978739729,0.11952258238989527,-0.055486241194592285,0.060772515490406326,-0.019791763259914046,,0.049647333377679376,,-0.06476634267749962,0.07297234509492673,0.019028772051493746,0.02608929503650733,0.052765233625800934,-0.025758530986087665,0.0051873116148752965,-0.0035334878290565683,0.030904812534937272,0.018712842288542607,0.048907601622717595,0.06018337663210466,-0.06756860213319513,-0.02425833089185702,0.04043036968839924,0.01995037813438846,-0.022653175684328043,0.0838023575079625,0.029164577327618155,,-0.025194130318004153,-0.01607535516379125,0.05397019187653746,-0.0018266943993650933,-0.02467131488841822
2021-02-01,0.03971531849645454,0.013940208507638295,-0.10860871645111571,-0.0391301717618945,-0.05873411356925999,0.06217359739273724,0.010559280166118415,0.0027803530421516218,0.07010416533420093,0.08631325590726219,-0.022380978489042982,0.10985184858876966,0.0466025176276536,-0.021264937932225295,0.10926797828831032,0.014892085774329114,0.08057154100446234,,0.026254459932263385,0.029223208624178126,0.08821306992175065,0.0361854008090689,-0.060519483175233715,0.06507364580075325,0.08955483555956989,-0.050048034701158775,-0.003875411210196626,-0.005197022861824954,-0.06363428466267115,-0.08316903133759586,0.07441596303704102,-0.06625127669551557,0.022154997959987828,,0.08922028503519333,-0.022972089406713636,-0.01285931434158484,,-0.016457658197096513,0.07039512334307733,-0.005988301018999276,0.0029495912138459285,0.09290610415296285,-0.018707948349962603,0.001582484936205518,0.04375944415290365,-0.05377092621505716,,0.05464230272167352,,0.022423977709444633,0.08067964861824624,0.037559028415378504,0.005696225618490369,0.04363126397563791,0.007212427903513209,-0.09779728116902527,0.04770791882132244,0.028908078856906896,0.009816247483917129,0.060773016304541995,0.037322617886162986,-0.07694519377902607,0.020147515999320593,0.07069140304713162,-0.018208902236473867,-0.0661812547791278,-0.01776372268168168,0.08102527795554798,-0.05128648368008411,0.0016247273256907238,0.025623389782467514,0.05663700936712429,0.08179626015879254,0.0017176474878183023
2021-03-01,0.21225961286010636,-0.12911151601379028,0.014236780373472056,0.028719810767727033,-0.02003690289605449,0.04075369596040214,0.11752099166077193,-0.015327201489243325,-0.1498293594991573,-0.0027594914883351668,0.006976854759046372,0.022664169061770295,0.06402734422636189,0.0781583725973964,0.08654477001863847,0.09595201220056089,-0.008306065938610663,-0.04542477717036664,-0.03735259064021437,0.07908276685729289,0.035252295739395145,-0.07661885015583891,0.046995515839183113,0.10013269064867618,-0.08103526645426282,-0.07892456817885757,-0.023232702245913478,-0.043724017403003385,0.0033318122968680752,0.037035697536535676,0.053680619277072586,0.14068836971926807,0.06403363655767261,-0.041539459738227286,0.07379595502719516,0.07323020439321776,0.17263489383945446,,0.010059153404817188,0.056668880962355096,-0.009737368625555548,0.07961432696785323,0.12965998434751952,0.013047510727834104,0.03441778497141691,0.008593071951520995,-0.07040079510982725,,0.04032656981266607,,0.09317232060599731,0.005987223863202135,-0.035545611243986114,0.03732390382920978,0.045693263353267635,0.052115291154904896,-0.0283988048015872,0.06551451456199926,0.021126523889541275,-0.014280234702015032,0.0318264568197822,0.0745743854476848,0.027029982289114157,0.023668908188565103,0.056371577360370406,0.07253214563153773,0.018870189645240364,0.058738778728449396,0.13234338538148124,0.06693380647250093,-0.021276968094936594,0.058422063690413514,0.09198559365477808,0.024791379733800696,0.10707976301621874
2021-04-01,0.11532775814899786,0.07013303020618998,0.00414627180171169,0.09719785535400323,0.16464112939233877,0.09959462939993119,0.1270480907640315,0.10573625174859591,0.03096439064285826,-0.025810625147437885,0.017960618230105592,0.11664072054256258,0.02511018906479469,0.19787193545662468,0.003633796952547355,0.04393382123932272,0.08373102970974527,0.03157006591826028,0.10399519007991052,0.06271122160125868,0.007193928164450913,0.06089678722898623,0.010678200634729476,0.08170632951217628,0.11047558722368161,0.06632912064403136,0.10826303752055673,0.012283187857219768,0.09129480536215324,0.1140380828665787,-0.03900900826549811,0.026326261702853133,0.10417244957706033,0.03590304249791046,0.060536485834164024,0.13284110834251356,0.01532105013481172,,0.11898444739981572,0.05226338512792747,0.06849059348914857,0.11177821631642597,0.025379160992654186,0.06862318610207074,0.1659562468643632,0.052142108939857275,0.02395026408717134,,0.13405101838286193,,0.05813054914970664,-0.06775955126222978,0.05613098948401493,0.07425427045192234,0.15077655830176873,0.0801700708406876,0.04257487456160141,0.09625166246001296,0.046689713040770395,0.08937192805988425,0.04703578100286676,0.007896353505078849,0.0033061891283485134,-0.03988108722636566,0.08839679053120683,0.05080978701388737,0.08652368257756676,0.09240560553850903,0.02259559302799926,0.07283502379321968,-0.05263223331189519,0.14543529390665566,0.08013542028749965,0.04915880566555762,0.0332056453018952
